user_id,signup_date,age,location,device,traffic_source,pages_visited,session_duration,converted,signup_month
1,2024-12-24,60,Isle of Man,Mobile,Direct,5,13.460734061743212,0,2024-12
2,2025-05-31,36,Gibraltar,Tablet,Direct,8,3.4226200613772138,0,2025-05
3,2025-04-28,49,Malawi,Tablet,Organic,6,4.047382437606935,0,2025-04
4,2025-05-08,27,Pitcairn Islands,Tablet,Direct,11,6.546032138194838,0,2025-05
5,2024-12-20,60,Saint Pierre and Miquelon,Tablet,Organic,1,44.46710648331893,1,2024-12
6,2025-01-31,53,Korea,Mobile,Organic,0,9.883813853908254,0,2025-01
7,2025-04-25,59,Norfolk Island,Mobile,Referral,7,3.912636848437389,0,2025-04
8,2025-03-21,43,Cyprus,Desktop,Paid,11,20.827701574275885,0,2025-03
9,2025-05-17,29,Netherlands,Tablet,Referral,1,16.312596651145384,0,2025-05
10,2025-02-02,51,Holy See (Vatican City State),Tablet,Referral,3,18.023995585670903,0,2025-02
11,2025-02-23,30,Egypt,Desktop,Organic,8,4.79824254828438,0,2025-02
12,2025-04-23,37,Bhutan,Desktop,Organic,10,5.329793012746519,0,2025-04
13,2025-02-27,52,Honduras,Mobile,Organic,4,4.791903310066061,0,2025-02
14,2025-02-09,34,Guinea-Bissau,Desktop,Referral,7,0.6609417515109007,0,2025-02
15,2025-01-30,63,Iran,Tablet,Referral,6,0.17246883722241704,0,2025-01
16,2025-06-06,31,Nicaragua,Mobile,Referral,4,9.251137586329756,0,2025-06
17,2025-04-04,32,Panama,Mobile,Organic,1,24.932136982617294,0,2025-04
18,2025-02-25,62,Mayotte,Mobile,Paid,2,0.6600990221154173,1,2025-02
19,2025-05-27,20,Costa Rica,Desktop,Direct,6,12.590334711300367,1,2025-05
20,2025-04-09,37,United States of America,Desktop,Direct,2,6.6177614834844425,1,2025-04
21,2024-12-23,60,Equatorial Guinea,Tablet,Paid,4,16.95793276636558,1,2024-12
22,2025-03-20,22,Martinique,Desktop,Referral,3,2.9338926366851616,0,2025-03
23,2025-02-08,52,Libyan Arab Jamahiriya,Mobile,Organic,5,14.802787707895606,0,2025-02
24,2025-06-01,53,Greece,Tablet,Organic,7,0.6363995965350204,1,2025-06
25,2025-01-27,24,Jordan,Mobile,Referral,2,8.561319167885856,1,2025-01
26,2025-06-05,19,Liechtenstein,Tablet,Paid,2,3.52653295702488,0,2025-06
27,2025-04-17,22,Luxembourg,Mobile,Direct,13,0.30925125956121763,0,2025-04
28,2025-04-30,25,Ethiopia,Desktop,Referral,5,0.928265405941323,0,2025-04
29,2025-06-06,56,Singapore,Mobile,Referral,6,16.794877353015757,0,2025-06
30,2025-04-17,28,Angola,Mobile,Paid,4,9.0783181565624,0,2025-04
31,2025-03-21,54,Canada,Tablet,Organic,4,5.973482148137798,0,2025-03
32,2024-12-14,28,Uzbekistan,Mobile,Paid,2,2.0657618043308816,0,2024-12
33,2024-12-27,56,Western Sahara,Mobile,Organic,6,1.6332248205469526,0,2024-12
34,2025-06-02,21,Gabon,Tablet,Organic,3,15.858299510023999,1,2025-06
35,2024-12-23,33,Puerto Rico,Tablet,Paid,6,3.322829181775128,0,2024-12
36,2025-04-19,39,Puerto Rico,Mobile,Direct,3,41.72701154328989,0,2025-04
37,2025-04-12,55,Jordan,Mobile,Organic,8,0.9266744187825195,0,2025-04
38,2025-05-17,24,Tajikistan,Mobile,Direct,7,10.163485923466773,0,2025-05
39,2024-12-25,50,Congo,Mobile,Paid,5,0.18033641794625563,1,2024-12
40,2025-04-30,33,French Southern Territories,Desktop,Direct,4,7.805408199234315,0,2025-04
41,2025-04-22,32,Cayman Islands,Tablet,Direct,2,29.265942967761866,0,2025-04
42,2025-01-28,34,Guam,Mobile,Organic,6,7.2628766751314435,0,2025-01
43,2025-06-06,24,Bosnia and Herzegovina,Tablet,Direct,1,25.134282920135732,0,2025-06
44,2025-04-21,28,Lithuania,Tablet,Organic,0,45.146393572582866,0,2025-04
45,2025-05-17,21,Pakistan,Tablet,Direct,8,3.7561875593919907,0,2025-05
46,2024-12-28,57,Peru,Mobile,Paid,10,3.1698227328920185,0,2024-12
47,2025-04-01,44,Oman,Desktop,Direct,4,1.0563547703138998,0,2025-04
48,2025-05-30,52,Ecuador,Desktop,Organic,9,14.235660182712595,1,2025-05
49,2025-02-24,36,Malta,Tablet,Direct,8,11.13785077159048,0,2025-02
50,2025-03-25,47,Algeria,Desktop,Organic,5,1.2259675332181554,0,2025-03
51,2025-04-13,23,Holy See (Vatican City State),Desktop,Direct,5,21.83549275801626,0,2025-04
52,2025-02-15,46,Bosnia and Herzegovina,Tablet,Direct,8,19.82950288851428,0,2025-02
53,2025-04-03,23,Saint Kitts and Nevis,Mobile,Direct,6,14.932718751347371,0,2025-04
54,2025-01-02,18,Nauru,Desktop,Referral,2,1.2171030963597238,1,2025-01
55,2025-01-29,31,Nepal,Tablet,Referral,5,7.209223231538661,0,2025-01
56,2025-06-10,21,Belgium,Tablet,Direct,7,8.486785101785513,0,2025-06
57,2025-01-27,26,Uruguay,Tablet,Direct,10,18.638843946172358,0,2025-01
58,2025-02-15,20,Russian Federation,Desktop,Paid,4,1.1561488687992505,0,2025-02
59,2025-04-14,43,Maldives,Mobile,Direct,5,9.192043288403033,0,2025-04
60,2025-04-23,19,Korea,Desktop,Paid,4,6.270196876971037,0,2025-04
61,2025-04-12,20,Seychelles,Tablet,Organic,9,3.76659775197719,0,2025-04
62,2025-03-25,28,United States of America,Mobile,Direct,4,0.9494597749290096,0,2025-03
63,2025-05-17,62,Bulgaria,Mobile,Direct,4,8.822627950205948,0,2025-05
64,2025-04-26,38,Honduras,Mobile,Organic,4,37.440572971536106,0,2025-04
65,2025-04-02,49,Equatorial Guinea,Tablet,Referral,5,24.772067141976862,0,2025-04
66,2025-03-15,50,Guam,Desktop,Organic,8,31.32021462863724,0,2025-03
67,2025-03-31,37,Germany,Desktop,Referral,7,0.5036029205710033,0,2025-03
68,2025-06-08,61,Zambia,Mobile,Direct,1,22.682222975317067,1,2025-06
69,2025-06-02,18,Saint Kitts and Nevis,Desktop,Organic,3,0.8416231448963153,1,2025-06
70,2025-04-09,43,Malta,Desktop,Referral,4,11.486337014259112,1,2025-04
71,2025-05-17,29,Saint Lucia,Tablet,Organic,6,0.6992444292128365,0,2025-05
72,2025-05-29,63,Algeria,Mobile,Direct,5,2.114207061896423,0,2025-05
73,2025-01-22,38,Gibraltar,Tablet,Organic,7,17.412260301519602,0,2025-01
74,2024-12-26,41,Korea,Mobile,Paid,8,4.107158725795617,0,2024-12
75,2025-01-28,54,Sudan,Tablet,Organic,7,32.93538280265822,1,2025-01
76,2025-05-25,57,Monaco,Desktop,Paid,6,3.0549847659120744,0,2025-05
77,2024-12-17,29,Isle of Man,Desktop,Referral,5,14.42149364022267,1,2024-12
78,2025-04-23,18,Svalbard & Jan Mayen Islands,Desktop,Paid,2,8.551541540133023,0,2025-04
79,2025-03-16,18,Turks and Caicos Islands,Desktop,Organic,8,3.299156794187184,0,2025-03
80,2025-01-02,27,Cyprus,Mobile,Paid,9,0.03547120645325322,0,2025-01
81,2025-05-16,64,Antarctica (the territory South of 60 deg S),Tablet,Organic,6,2.5995576352828023,0,2025-05
82,2025-05-22,35,Nauru,Desktop,Referral,4,8.161792126226535,0,2025-05
83,2025-06-05,23,Eritrea,Desktop,Paid,5,2.724336597411689,0,2025-06
84,2025-02-23,58,Faroe Islands,Desktop,Direct,2,14.761783991476216,0,2025-02
85,2025-06-01,24,Czech Republic,Tablet,Referral,4,1.382735143334239,1,2025-06
86,2025-04-30,20,Togo,Tablet,Direct,4,21.535985957908167,1,2025-04
87,2025-01-21,23,Uzbekistan,Tablet,Referral,1,4.360367134697023,0,2025-01
88,2025-02-07,29,Guinea-Bissau,Tablet,Paid,3,4.278574365359786,0,2025-02
89,2025-05-30,22,Aruba,Mobile,Organic,7,41.05456811409493,0,2025-05
90,2025-01-02,21,Armenia,Tablet,Organic,3,6.418394891326436,1,2025-01
91,2025-04-19,42,Benin,Desktop,Referral,4,17.98106790266107,0,2025-04
92,2025-05-28,56,Madagascar,Mobile,Organic,7,1.0164671066721123,0,2025-05
93,2025-02-28,22,Cook Islands,Desktop,Organic,4,23.572225581758573,0,2025-02
94,2025-03-15,36,Fiji,Mobile,Direct,4,8.639362766349818,0,2025-03
95,2025-06-01,64,Comoros,Tablet,Organic,7,4.569374810313679,0,2025-06
96,2025-03-07,25,Norway,Desktop,Paid,4,2.70629461936477,0,2025-03
97,2025-05-26,40,Germany,Desktop,Organic,4,8.49588584593585,0,2025-05
98,2025-04-23,19,American Samoa,Mobile,Organic,4,24.90206331351468,0,2025-04
99,2025-02-05,19,Panama,Desktop,Referral,6,10.421430703804353,1,2025-02
100,2025-01-17,48,Brunei Darussalam,Desktop,Organic,3,3.527959238010379,0,2025-01
101,2025-04-09,27,Saint Barthelemy,Desktop,Direct,3,0.5420421658280956,0,2025-04
102,2025-04-29,34,Denmark,Desktop,Organic,6,7.144289444906238,0,2025-04
103,2025-01-02,44,Bhutan,Tablet,Organic,6,22.034218568924878,1,2025-01
104,2025-04-23,43,United States Virgin Islands,Tablet,Paid,7,6.573752983947142,0,2025-04
105,2025-02-12,64,Niger,Tablet,Direct,4,5.981575899719369,0,2025-02
106,2025-06-04,60,Sierra Leone,Tablet,Referral,4,5.872428804797297,0,2025-06
107,2025-04-06,46,United States Minor Outlying Islands,Desktop,Paid,5,28.271529924699635,0,2025-04
108,2024-12-20,19,Reunion,Mobile,Paid,5,17.255866380386568,0,2024-12
109,2025-01-22,45,Malta,Mobile,Referral,3,1.4123024866432665,0,2025-01
110,2025-01-31,52,Slovakia (Slovak Republic),Tablet,Organic,2,3.753420237971784,0,2025-01
111,2025-01-05,43,Guadeloupe,Mobile,Organic,1,15.991491673380429,0,2025-01
112,2025-05-16,62,Bosnia and Herzegovina,Mobile,Paid,2,22.67052771515573,0,2025-05
113,2025-06-01,35,Bahrain,Desktop,Referral,5,6.446107778115923,0,2025-06
114,2024-12-29,26,Latvia,Mobile,Paid,4,3.979471489469007,1,2024-12
115,2024-12-27,34,Ecuador,Tablet,Direct,8,25.96272009535269,0,2024-12
116,2025-01-24,30,Luxembourg,Desktop,Organic,9,0.13169563448721447,0,2025-01
117,2025-03-07,43,Guinea-Bissau,Mobile,Direct,5,5.480294214302216,0,2025-03
118,2025-04-20,56,Georgia,Tablet,Paid,5,4.609297801950285,0,2025-04
119,2025-03-23,47,Christmas Island,Tablet,Paid,5,4.549752578673802,0,2025-03
120,2025-03-10,25,Kenya,Desktop,Referral,4,4.631953373389611,0,2025-03
121,2024-12-28,38,Bahrain,Tablet,Organic,7,4.010153311806053,1,2024-12
122,2025-04-20,58,Egypt,Mobile,Paid,9,25.146890121686486,0,2025-04
123,2025-02-26,61,Norway,Desktop,Organic,2,5.549719091165337,0,2025-02
124,2025-04-22,61,Samoa,Desktop,Referral,9,1.5761973639476365,0,2025-04
125,2025-04-27,39,Burkina Faso,Tablet,Direct,3,0.19900304149360729,1,2025-04
126,2024-12-14,40,Niue,Desktop,Paid,4,21.24217065734886,1,2024-12
127,2024-12-18,51,Macao,Mobile,Paid,7,1.000870702495345,0,2024-12
128,2024-12-14,64,Finland,Mobile,Referral,8,4.21538331012089,0,2024-12
129,2025-04-21,51,Cayman Islands,Tablet,Referral,5,13.935212213620114,0,2025-04
130,2025-05-26,44,British Virgin Islands,Tablet,Referral,6,11.514220685864299,0,2025-05
131,2025-03-28,47,China,Mobile,Organic,5,0.7736670194105828,1,2025-03
132,2025-05-19,62,Cote d'Ivoire,Desktop,Direct,3,17.822608720906178,1,2025-05
133,2025-05-30,38,Holy See (Vatican City State),Mobile,Referral,3,2.332144901023116,0,2025-05
134,2025-02-10,42,Aruba,Mobile,Paid,1,17.885125325706174,0,2025-02
135,2025-05-27,24,Solomon Islands,Mobile,Referral,8,18.030348297188322,0,2025-05
136,2025-01-30,26,Nicaragua,Desktop,Direct,1,1.6328226004674686,0,2025-01
137,2025-04-07,57,Gabon,Desktop,Paid,7,2.172596512994794,0,2025-04
138,2024-12-19,40,New Zealand,Mobile,Paid,6,3.8006556951232042,1,2024-12
139,2025-03-08,27,Ukraine,Tablet,Organic,5,16.80837527887062,0,2025-03
140,2024-12-15,56,Chad,Mobile,Direct,6,17.160520042403462,0,2024-12
141,2025-05-24,41,Lithuania,Desktop,Direct,6,3.690273351351831,1,2025-05
142,2025-03-03,56,Latvia,Mobile,Direct,2,4.605383603335717,0,2025-03
143,2025-06-07,46,Australia,Mobile,Referral,7,7.776712516007289,0,2025-06
144,2025-01-16,54,Iceland,Desktop,Direct,3,21.360462417056674,0,2025-01
145,2025-02-25,56,South Georgia and the South Sandwich Islands,Desktop,Paid,2,43.20517554149568,0,2025-02
146,2024-12-22,57,Nigeria,Mobile,Direct,3,23.861598623318283,1,2024-12
147,2025-01-14,23,Western Sahara,Desktop,Paid,10,7.060993666467443,1,2025-01
148,2025-04-23,64,Mauritania,Tablet,Organic,5,14.879544892909857,0,2025-04
149,2024-12-18,50,Barbados,Mobile,Organic,3,2.7911114936675196,0,2024-12
150,2025-02-06,50,Vietnam,Tablet,Direct,7,15.715309429594228,0,2025-02
151,2025-03-17,28,Croatia,Mobile,Organic,6,13.341416648638443,0,2025-03
152,2025-04-16,61,Netherlands Antilles,Tablet,Paid,6,2.6167044603825844,1,2025-04
153,2025-03-16,42,Luxembourg,Tablet,Paid,2,5.540617628038586,0,2025-03
154,2025-05-26,52,Libyan Arab Jamahiriya,Desktop,Organic,8,7.199143305742483,0,2025-05
155,2024-12-28,33,Romania,Mobile,Organic,3,17.727554833887112,0,2024-12
156,2025-05-28,53,Mauritius,Desktop,Organic,3,4.87685397438209,0,2025-05
157,2025-06-07,59,Lithuania,Mobile,Direct,5,17.59940051170347,1,2025-06
158,2025-02-21,32,Lebanon,Tablet,Organic,8,3.555453765005463,0,2025-02
159,2025-04-06,35,Latvia,Desktop,Direct,4,12.241355505775871,0,2025-04
160,2025-03-16,32,Mali,Desktop,Referral,6,4.776628717545205,0,2025-03
161,2025-02-14,25,Wallis and Futuna,Mobile,Paid,3,16.418669774320303,0,2025-02
162,2025-01-26,19,Mayotte,Mobile,Organic,4,14.332396924421158,0,2025-01
163,2025-04-28,25,Denmark,Tablet,Paid,8,3.3802657942864,0,2025-04
164,2025-01-29,19,Finland,Mobile,Paid,6,4.246424720980287,0,2025-01
165,2025-05-31,51,Timor-Leste,Tablet,Organic,5,13.656573730389274,0,2025-05
166,2025-03-31,21,Mongolia,Desktop,Organic,11,11.284075885393923,0,2025-03
167,2025-01-22,42,San Marino,Desktop,Paid,6,9.968216359341493,1,2025-01
168,2025-03-15,61,Martinique,Tablet,Referral,5,9.43479478501095,0,2025-03
169,2024-12-14,62,Slovenia,Desktop,Referral,4,0.11730505240855865,0,2024-12
170,2025-04-15,37,Marshall Islands,Tablet,Organic,4,11.79134980656633,0,2025-04
171,2025-02-18,44,Algeria,Desktop,Referral,2,1.2387072611383974,0,2025-02
172,2025-01-20,27,Greenland,Tablet,Paid,2,6.583567548407685,0,2025-01
173,2025-02-18,19,Georgia,Desktop,Paid,2,4.702322092638693,0,2025-02
174,2025-01-14,42,Guinea,Tablet,Referral,6,0.566113969568026,0,2025-01
175,2025-04-17,21,Honduras,Desktop,Organic,5,0.377337310266441,0,2025-04
176,2025-03-30,19,Liechtenstein,Tablet,Paid,3,10.18717999282874,0,2025-03
177,2025-04-25,25,China,Desktop,Paid,3,2.7232207934370853,0,2025-04
178,2025-03-18,60,Malawi,Mobile,Paid,1,2.1128550884372164,0,2025-03
179,2025-06-05,30,Denmark,Desktop,Organic,5,5.3698284187574785,0,2025-06
180,2025-05-16,46,Cote d'Ivoire,Tablet,Paid,5,16.479340947520765,0,2025-05
181,2025-01-21,48,Mauritius,Mobile,Organic,5,8.021545110308946,0,2025-01
182,2025-04-01,60,Micronesia,Tablet,Paid,6,8.888957716194493,0,2025-04
183,2024-12-17,55,Monaco,Desktop,Direct,2,3.9536831366411613,0,2024-12
184,2025-01-28,40,Fiji,Tablet,Paid,4,21.192111972582772,0,2025-01
185,2025-05-07,28,Seychelles,Tablet,Referral,8,0.7357928745010263,0,2025-05
186,2025-02-02,33,Mongolia,Mobile,Direct,5,25.2169302510468,0,2025-02
187,2025-05-18,46,Germany,Desktop,Referral,7,9.946936857134123,0,2025-05
188,2025-06-11,29,Croatia,Tablet,Direct,5,41.50877003694654,0,2025-06
189,2025-02-15,30,Malawi,Tablet,Referral,2,11.209658047124375,0,2025-02
190,2025-02-15,41,French Guiana,Tablet,Direct,5,24.766719234041478,0,2025-02
191,2025-04-27,37,Mauritania,Mobile,Direct,4,3.390446522481217,1,2025-04
192,2025-01-30,31,Russian Federation,Tablet,Direct,6,1.715759654837716,1,2025-01
193,2025-05-06,37,Ireland,Desktop,Paid,4,3.2769645468471085,0,2025-05
194,2025-04-26,63,Tokelau,Tablet,Organic,2,2.865726868726344,0,2025-04
195,2025-06-05,55,Puerto Rico,Tablet,Paid,6,2.2250678210955326,0,2025-06
196,2025-06-06,26,Western Sahara,Tablet,Direct,3,22.041812369251055,0,2025-06
197,2025-01-21,35,Guatemala,Tablet,Organic,10,1.7827802963091621,0,2025-01
198,2025-04-07,33,France,Mobile,Organic,5,1.3231822331699006,0,2025-04
199,2025-05-02,27,Gibraltar,Tablet,Direct,4,17.691223692251764,0,2025-05
200,2025-03-04,20,Angola,Desktop,Organic,8,21.343873371667136,0,2025-03
201,2025-03-22,45,Puerto Rico,Tablet,Direct,4,4.219465391755887,0,2025-03
202,2025-03-31,31,Gabon,Desktop,Referral,3,13.354484038831329,1,2025-03
203,2025-05-08,24,Senegal,Tablet,Referral,2,3.6538251700546898,0,2025-05
204,2025-05-12,58,French Guiana,Mobile,Organic,3,1.8627590323007124,0,2025-05
205,2025-01-20,56,Iran,Tablet,Organic,5,5.703488460387352,0,2025-01
206,2025-02-11,40,Ireland,Desktop,Referral,6,4.134133152586253,1,2025-02
207,2025-05-23,31,Tajikistan,Tablet,Direct,8,4.5293873424555295,0,2025-05
208,2025-02-11,43,Kazakhstan,Mobile,Organic,6,3.1456118690912893,0,2025-02
209,2024-12-31,59,Cape Verde,Tablet,Referral,3,3.996293288352823,0,2024-12
210,2025-02-26,30,Antigua and Barbuda,Desktop,Referral,5,1.5704955701339538,0,2025-02
211,2024-12-31,48,Papua New Guinea,Desktop,Paid,6,6.276554495331904,0,2024-12
212,2025-03-01,44,Heard Island and McDonald Islands,Tablet,Paid,5,6.749412506462791,0,2025-03
213,2025-06-07,52,Peru,Tablet,Paid,4,11.567852422142803,0,2025-06
214,2025-01-27,35,Lithuania,Mobile,Paid,3,0.14512152868477884,1,2025-01
215,2025-03-06,45,United States Virgin Islands,Mobile,Direct,6,3.599786872490618,1,2025-03
216,2025-03-21,19,Niger,Mobile,Referral,7,5.074170403229927,1,2025-03
217,2025-03-20,34,El Salvador,Tablet,Organic,4,65.7392013151606,0,2025-03
218,2025-01-30,22,Serbia,Mobile,Direct,11,9.148863132523926,0,2025-01
219,2024-12-16,32,San Marino,Tablet,Paid,5,5.0313697633255785,0,2024-12
220,2025-06-05,53,Nicaragua,Desktop,Referral,5,7.236095538815138,0,2025-06
221,2025-05-06,44,Greenland,Desktop,Referral,5,11.770801142858435,1,2025-05
222,2025-03-22,32,Senegal,Desktop,Referral,3,1.2477268651324913,0,2025-03
223,2025-03-08,40,Swaziland,Tablet,Organic,5,10.0218441932644,0,2025-03
224,2025-01-18,32,Ukraine,Desktop,Referral,7,11.523807212896763,0,2025-01
225,2025-04-17,25,Saudi Arabia,Mobile,Paid,5,5.099567882917135,0,2025-04
226,2025-01-18,23,Ireland,Tablet,Direct,10,9.367365467390727,0,2025-01
227,2025-06-04,24,Canada,Mobile,Direct,9,11.020425558798037,0,2025-06
228,2025-05-06,64,Georgia,Mobile,Direct,1,1.3111128160134198,0,2025-05
229,2024-12-15,30,Slovenia,Mobile,Organic,4,20.30674312717618,0,2024-12
230,2025-05-03,31,Thailand,Desktop,Direct,5,12.84710710211558,1,2025-05
231,2025-01-06,24,Israel,Desktop,Direct,3,0.38307725482187355,0,2025-01
232,2025-04-07,38,Aruba,Desktop,Paid,2,5.136400236352325,0,2025-04
233,2025-01-03,31,Aruba,Desktop,Organic,3,18.871232001301863,0,2025-01
234,2025-05-31,18,Namibia,Desktop,Paid,6,2.944590985254856,0,2025-05
235,2025-04-15,21,Mali,Mobile,Referral,3,4.050449441633004,0,2025-04
236,2025-01-12,53,Grenada,Mobile,Organic,5,3.234517079555528,0,2025-01
237,2025-02-07,28,Cambodia,Tablet,Referral,4,14.83291125680429,1,2025-02
238,2025-01-24,39,Holy See (Vatican City State),Desktop,Organic,4,12.30710873701506,0,2025-01
239,2025-03-09,49,Sudan,Desktop,Paid,6,1.57400879695215,0,2025-03
240,2025-01-21,31,Iraq,Tablet,Paid,5,14.04488551507644,0,2025-01
241,2024-12-18,27,Martinique,Desktop,Referral,5,12.163836800042976,0,2024-12
242,2025-05-16,61,Uzbekistan,Desktop,Paid,8,2.718274265374969,0,2025-05
243,2025-05-29,50,Saint Pierre and Miquelon,Tablet,Paid,2,0.06862886554281679,1,2025-05
244,2025-03-24,36,Romania,Mobile,Referral,6,7.894446057614706,0,2025-03
245,2025-04-12,37,Australia,Mobile,Direct,5,0.7881855781189162,0,2025-04
246,2025-06-03,53,Christmas Island,Desktop,Organic,7,5.317063021170773,0,2025-06
247,2025-01-17,25,French Guiana,Mobile,Referral,4,22.16694425874917,0,2025-01
248,2025-02-08,33,Colombia,Desktop,Referral,8,2.3539778394184845,0,2025-02
249,2025-03-01,21,Switzerland,Mobile,Organic,7,10.37023626173495,0,2025-03
250,2025-05-23,56,Botswana,Desktop,Direct,1,6.728109380920705,1,2025-05
251,2025-03-17,42,Brunei Darussalam,Tablet,Referral,4,9.10169658056094,1,2025-03
252,2025-03-25,63,Benin,Desktop,Organic,4,0.7210366527863009,0,2025-03
253,2025-01-30,41,Nigeria,Desktop,Organic,7,0.8956323019530009,0,2025-01
254,2024-12-28,30,Australia,Desktop,Paid,5,15.008193683683073,1,2024-12
255,2025-04-27,23,Syrian Arab Republic,Desktop,Referral,3,1.5761491902630675,0,2025-04
256,2025-03-17,22,Namibia,Mobile,Direct,5,16.33025512292504,0,2025-03
257,2025-01-31,58,Wallis and Futuna,Mobile,Direct,6,5.563653769861297,1,2025-01
258,2025-01-22,62,Tokelau,Mobile,Organic,4,21.0315317448562,0,2025-01
259,2025-01-17,27,Anguilla,Desktop,Organic,5,11.366204819765528,0,2025-01
260,2024-12-12,35,Mozambique,Mobile,Organic,4,6.69256261293877,0,2024-12
261,2025-01-22,27,Peru,Tablet,Direct,4,4.442077011697712,0,2025-01
262,2025-05-15,39,Barbados,Mobile,Organic,4,15.221680839419122,1,2025-05
263,2025-05-19,49,Japan,Tablet,Direct,3,6.189262467164437,1,2025-05
264,2025-02-10,21,Serbia,Tablet,Paid,6,11.856325560051515,0,2025-02
265,2025-06-08,30,Guyana,Desktop,Organic,6,9.585716874004463,0,2025-06
266,2025-02-02,52,Australia,Tablet,Referral,7,13.26809239848326,0,2025-02
267,2025-05-17,19,Mozambique,Mobile,Direct,5,28.883995006957015,0,2025-05
268,2025-01-06,62,Iraq,Tablet,Paid,1,2.445439204252027,1,2025-01
269,2025-04-10,55,Iceland,Desktop,Direct,5,3.2032475186276637,0,2025-04
270,2025-02-25,30,Nepal,Tablet,Direct,6,1.7219165659387812,0,2025-02
271,2025-01-14,32,Malawi,Tablet,Paid,3,3.9824924535265085,1,2025-01
272,2024-12-23,49,Mauritius,Tablet,Organic,3,0.0035790356392702387,0,2024-12
273,2024-12-20,36,Mongolia,Tablet,Referral,4,43.22849719771107,0,2024-12
274,2025-05-11,19,India,Mobile,Organic,6,1.010017391091288,0,2025-05
275,2025-06-11,46,Pakistan,Mobile,Direct,6,29.720227421684257,0,2025-06
276,2025-01-10,29,Swaziland,Desktop,Referral,3,0.7819799424114053,0,2025-01
277,2025-04-12,30,Somalia,Mobile,Direct,5,5.78743389179481,0,2025-04
278,2025-01-01,49,Australia,Tablet,Paid,7,20.56676572156551,1,2025-01
279,2025-05-24,46,Gabon,Tablet,Paid,4,0.09008296725170199,0,2025-05
280,2025-04-02,41,Belize,Desktop,Direct,4,6.289577959784366,0,2025-04
281,2025-05-01,61,Georgia,Mobile,Paid,7,5.737568350672887,0,2025-05
282,2025-01-28,55,Argentina,Desktop,Organic,5,23.89357665956963,1,2025-01
283,2024-12-28,52,Pitcairn Islands,Desktop,Direct,6,1.1613382308883737,0,2024-12
284,2025-01-13,25,Antigua and Barbuda,Mobile,Referral,6,11.537286643227647,0,2025-01
285,2025-04-11,18,British Indian Ocean Territory (Chagos Archipelago),Tablet,Direct,4,3.9925647487564193,0,2025-04
286,2024-12-22,59,Albania,Desktop,Direct,5,6.124558148120666,1,2024-12
287,2025-04-30,62,Lesotho,Desktop,Organic,5,0.306537127188785,0,2025-04
288,2025-06-08,25,San Marino,Desktop,Referral,4,1.5934505426533967,1,2025-06
289,2025-02-16,40,Denmark,Tablet,Direct,5,5.147389901940879,0,2025-02
290,2025-03-01,31,Jersey,Tablet,Referral,3,3.5253416693217785,0,2025-03
291,2025-01-28,34,Sweden,Mobile,Organic,3,4.780705337604402,0,2025-01
292,2025-02-11,47,Croatia,Mobile,Referral,9,1.5030461678313858,0,2025-02
293,2025-05-10,32,Russian Federation,Desktop,Paid,5,1.0552989154384365,1,2025-05
294,2025-01-14,63,Pakistan,Desktop,Direct,8,2.5833381902006627,0,2025-01
295,2025-03-22,27,South Georgia and the South Sandwich Islands,Desktop,Referral,7,2.629626478321776,0,2025-03
296,2025-04-05,48,Solomon Islands,Tablet,Paid,6,14.611821569994534,0,2025-04
297,2025-04-18,54,Canada,Desktop,Direct,7,2.2349089497211,1,2025-04
298,2025-04-20,62,Mayotte,Desktop,Referral,7,8.927015195520537,0,2025-04
299,2024-12-20,18,Congo,Mobile,Direct,4,13.924406231508307,1,2024-12
300,2025-03-22,22,Papua New Guinea,Desktop,Organic,4,38.80565637753297,0,2025-03
301,2025-05-18,30,Ireland,Desktop,Referral,10,6.600136002787915,0,2025-05
302,2025-01-25,38,Ukraine,Mobile,Referral,3,3.8806146055524904,0,2025-01
303,2024-12-28,49,Cook Islands,Desktop,Referral,3,9.930107803549058,0,2024-12
304,2025-04-26,34,Korea,Tablet,Direct,4,11.803418088001678,0,2025-04
305,2025-02-06,29,Kenya,Tablet,Referral,4,7.28132760326072,1,2025-02
306,2025-05-16,41,Nauru,Mobile,Organic,3,0.7354628264598566,0,2025-05
307,2025-05-01,50,Heard Island and McDonald Islands,Tablet,Organic,11,2.2993336710272483,0,2025-05
308,2025-06-11,40,Nigeria,Desktop,Referral,3,1.684426917781433,0,2025-06
309,2025-01-04,43,Tanzania,Tablet,Paid,5,6.887218175098273,0,2025-01
310,2025-01-20,38,Vietnam,Tablet,Paid,4,0.395973179087025,0,2025-01
311,2025-02-22,58,Cote d'Ivoire,Mobile,Organic,7,8.175553281930235,1,2025-02
312,2024-12-24,63,Honduras,Desktop,Referral,7,4.012092301162562,1,2024-12
313,2025-04-23,32,Cuba,Mobile,Direct,6,9.353367750795252,1,2025-04
314,2025-01-23,50,Palau,Tablet,Organic,4,0.7730041862635051,1,2025-01
315,2025-02-23,36,Tajikistan,Mobile,Paid,10,4.042592735123083,0,2025-02
316,2025-03-07,27,Saint Lucia,Tablet,Referral,7,15.274806778243066,0,2025-03
317,2024-12-26,54,Mauritius,Desktop,Direct,3,10.973153287889076,0,2024-12
318,2025-04-28,64,Romania,Mobile,Referral,2,2.3084572448201413,1,2025-04
319,2025-03-24,38,Micronesia,Tablet,Paid,2,5.393427438068345,0,2025-03
320,2024-12-16,60,Peru,Desktop,Paid,4,2.3764220301099597,0,2024-12
321,2025-01-09,35,Finland,Desktop,Direct,4,1.143621262819495,0,2025-01
322,2025-01-22,62,United States of America,Mobile,Referral,4,2.2470868604219167,0,2025-01
323,2025-02-19,47,United Kingdom,Desktop,Organic,6,8.437153954666014,0,2025-02
324,2025-04-19,53,Guatemala,Mobile,Organic,7,26.096518063581957,0,2025-04
325,2025-03-20,23,France,Desktop,Direct,5,0.6907930621602936,1,2025-03
326,2024-12-17,40,Romania,Tablet,Organic,4,1.3503249078826491,0,2024-12
327,2025-02-12,58,Tunisia,Desktop,Organic,2,28.99552927250339,0,2025-02
328,2025-01-08,24,Poland,Tablet,Organic,6,12.59583248160704,0,2025-01
329,2025-05-06,46,Botswana,Tablet,Paid,8,0.29531423697652864,0,2025-05
330,2025-06-11,55,Vanuatu,Mobile,Organic,5,4.486032961368163,0,2025-06
331,2025-05-01,51,Maldives,Desktop,Direct,3,5.578072677540771,0,2025-05
332,2025-02-02,28,Andorra,Mobile,Referral,6,2.063466418705551,0,2025-02
333,2025-05-11,46,Netherlands Antilles,Mobile,Direct,2,8.90354301371755,0,2025-05
334,2025-06-02,44,Libyan Arab Jamahiriya,Tablet,Referral,4,0.556434031768241,1,2025-06
335,2025-02-16,48,United Kingdom,Mobile,Organic,5,28.67787016771848,0,2025-02
336,2025-06-09,18,Cayman Islands,Desktop,Direct,3,14.845143437589067,0,2025-06
337,2025-04-26,48,Bhutan,Desktop,Paid,5,6.542952771806582,0,2025-04
338,2025-02-19,35,Lesotho,Desktop,Paid,4,0.934247173819357,1,2025-02
339,2024-12-29,55,Aruba,Desktop,Referral,7,29.725818160333937,0,2024-12
340,2024-12-30,58,Angola,Desktop,Paid,5,1.9773838289633274,0,2024-12
341,2025-04-02,34,Norfolk Island,Tablet,Organic,7,6.558027748810479,1,2025-04
342,2025-01-23,19,Faroe Islands,Tablet,Organic,3,7.01048822338592,0,2025-01
343,2025-03-19,33,Somalia,Tablet,Paid,4,5.19904184393944,0,2025-03
344,2025-01-17,53,United States Virgin Islands,Tablet,Organic,7,3.6951344256003056,0,2025-01
345,2025-01-19,32,Saint Helena,Desktop,Organic,6,10.574098237360143,0,2025-01
346,2025-03-01,25,Holy See (Vatican City State),Desktop,Paid,4,11.91057867883594,0,2025-03
347,2024-12-18,34,Martinique,Mobile,Organic,3,1.1130494663737114,0,2024-12
348,2025-02-23,61,Mongolia,Desktop,Referral,6,12.890482499376173,1,2025-02
349,2024-12-28,52,Portugal,Desktop,Referral,3,2.2278779738963665,0,2024-12
350,2025-01-16,49,Netherlands Antilles,Desktop,Organic,2,19.277924085355192,0,2025-01
351,2025-04-12,30,Tonga,Tablet,Paid,2,20.149310258918774,0,2025-04
352,2024-12-30,19,Mauritius,Tablet,Direct,7,1.1262534142947278,0,2024-12
353,2025-01-07,62,Czech Republic,Desktop,Referral,6,20.120887414385308,0,2025-01
354,2025-03-04,42,Pitcairn Islands,Desktop,Referral,6,1.0470807246027156,0,2025-03
355,2025-02-11,22,Congo,Tablet,Referral,2,3.7820493225928846,0,2025-02
356,2025-02-02,44,Pitcairn Islands,Desktop,Referral,5,1.12123577996922,1,2025-02
357,2025-03-19,40,Denmark,Mobile,Referral,3,24.064686736174018,1,2025-03
358,2025-06-06,28,Madagascar,Mobile,Organic,2,1.213502257739982,1,2025-06
359,2025-01-12,46,Antigua and Barbuda,Mobile,Organic,6,1.7225785767192539,0,2025-01
360,2025-02-02,20,Tanzania,Mobile,Referral,8,26.7622605142509,0,2025-02
361,2025-01-29,25,Antarctica (the territory South of 60 deg S),Mobile,Direct,4,1.5846677037407078,1,2025-01
362,2025-03-09,39,Mayotte,Mobile,Referral,8,4.186296052405466,0,2025-03
363,2025-04-07,41,Maldives,Desktop,Organic,4,12.256719663240947,1,2025-04
364,2025-05-05,50,Korea,Tablet,Paid,7,4.615899530660191,0,2025-05
365,2025-02-15,58,Lao People's Democratic Republic,Tablet,Referral,6,1.5633704284878744,1,2025-02
366,2024-12-13,49,Christmas Island,Mobile,Paid,6,6.965183283967073,0,2024-12
367,2025-05-06,44,Spain,Mobile,Direct,4,2.219259131697586,0,2025-05
368,2025-05-09,33,Montserrat,Mobile,Direct,7,8.166992511906482,0,2025-05
369,2025-05-24,26,United States Minor Outlying Islands,Desktop,Organic,5,4.881847518657007,0,2025-05
370,2025-03-19,21,Suriname,Tablet,Referral,5,21.542394648252117,0,2025-03
371,2025-03-05,51,Belize,Mobile,Organic,3,0.8972400687697617,0,2025-03
372,2025-02-05,24,Aruba,Tablet,Paid,9,3.95527511461163,0,2025-02
373,2025-05-21,40,Tonga,Mobile,Direct,5,8.408710548578274,0,2025-05
374,2025-02-24,44,Indonesia,Mobile,Referral,3,8.318277890102356,0,2025-02
375,2025-01-19,44,Norway,Mobile,Direct,8,6.055682168896938,1,2025-01
376,2025-01-14,55,South Africa,Tablet,Organic,6,1.0654189348078793,0,2025-01
377,2025-05-09,53,Turks and Caicos Islands,Tablet,Organic,2,10.554773622639576,0,2025-05
378,2025-02-23,20,United Kingdom,Mobile,Paid,5,20.176200897723888,0,2025-02
379,2025-02-23,46,Lao People's Democratic Republic,Desktop,Referral,0,5.76076671733314,0,2025-02
380,2025-04-12,56,Korea,Tablet,Organic,7,9.999717740299097,0,2025-04
381,2025-06-08,26,Ecuador,Tablet,Direct,4,3.7943187328007273,1,2025-06
382,2025-02-11,59,Rwanda,Mobile,Direct,5,7.84162233893102,0,2025-02
383,2024-12-21,47,Palau,Mobile,Direct,4,6.782362957642002,0,2024-12
384,2025-01-10,47,Albania,Desktop,Direct,6,5.510083840599833,0,2025-01
385,2025-01-10,28,Guinea,Tablet,Direct,7,2.320955381018731,0,2025-01
386,2025-06-07,47,Mauritania,Desktop,Referral,1,21.509481918568703,0,2025-06
387,2025-01-11,31,Suriname,Mobile,Direct,3,2.6686943881541687,1,2025-01
388,2024-12-29,45,Moldova,Desktop,Paid,8,1.6887953070703197,0,2024-12
389,2025-03-24,39,Saint Martin,Desktop,Organic,3,8.863302079899487,0,2025-03
390,2025-01-13,54,Bolivia,Desktop,Organic,5,7.864397733329596,0,2025-01
391,2025-02-02,29,Gambia,Mobile,Organic,5,5.696537846558779,0,2025-02
392,2025-01-24,35,Kyrgyz Republic,Mobile,Organic,4,2.080065274238022,0,2025-01
393,2025-03-21,27,Sri Lanka,Desktop,Referral,4,2.6507622268329696,0,2025-03
394,2025-03-01,26,Saint Kitts and Nevis,Tablet,Referral,3,0.3210307473693286,0,2025-03
395,2025-03-02,31,North Macedonia,Mobile,Organic,3,43.21958737658847,0,2025-03
396,2024-12-26,60,New Caledonia,Mobile,Paid,9,20.888069195156067,0,2024-12
397,2025-04-15,56,Montenegro,Desktop,Direct,5,17.2072522249779,0,2025-04
398,2025-01-09,60,Swaziland,Mobile,Paid,9,8.697204706039356,0,2025-01
399,2025-04-22,36,Faroe Islands,Desktop,Referral,7,13.522550730657812,1,2025-04
400,2025-03-07,46,Netherlands,Desktop,Direct,7,4.074485502489463,0,2025-03
401,2025-03-17,55,Cocos (Keeling) Islands,Mobile,Direct,6,5.027941684778115,0,2025-03
402,2025-01-06,32,Australia,Tablet,Direct,1,2.7536060455788074,0,2025-01
403,2025-01-15,39,Cocos (Keeling) Islands,Desktop,Direct,8,3.2116142580534888,0,2025-01
404,2025-01-18,21,New Zealand,Desktop,Referral,3,0.6617154428710338,1,2025-01
405,2024-12-17,31,Northern Mariana Islands,Desktop,Referral,3,10.154899359993498,1,2024-12
406,2025-06-01,23,Bangladesh,Tablet,Direct,5,2.192161693418707,1,2025-06
407,2025-01-03,61,Liberia,Mobile,Paid,8,0.7744497557566893,1,2025-01
408,2025-01-21,64,Aruba,Mobile,Direct,6,0.44206053587041805,0,2025-01
409,2025-01-15,47,Malaysia,Tablet,Referral,6,1.1924542514849399,0,2025-01
410,2025-02-19,22,Lesotho,Mobile,Direct,3,1.3976075686324436,0,2025-02
411,2025-06-03,21,Ecuador,Desktop,Referral,5,1.5373088601063327,1,2025-06
412,2024-12-30,58,Barbados,Tablet,Referral,6,0.8518994393746365,0,2024-12
413,2025-04-16,49,Montserrat,Mobile,Direct,7,8.0771174839231,0,2025-04
414,2025-06-08,60,Cyprus,Tablet,Referral,1,16.43660737622018,0,2025-06
415,2025-04-13,43,Korea,Tablet,Referral,9,7.688816754434894,0,2025-04
416,2025-05-21,37,Tajikistan,Tablet,Direct,10,13.085265326225148,0,2025-05
417,2025-05-21,55,Netherlands,Tablet,Paid,6,14.114631304668066,0,2025-05
418,2025-01-20,32,Croatia,Desktop,Paid,1,12.217906338009996,1,2025-01
419,2025-05-08,45,Korea,Mobile,Referral,4,15.805414921034258,0,2025-05
420,2024-12-28,56,Turkmenistan,Tablet,Referral,6,3.0537006718358755,1,2024-12
421,2025-03-07,58,Burkina Faso,Desktop,Referral,6,0.6449230471027201,0,2025-03
422,2025-01-18,44,Jamaica,Mobile,Direct,3,2.4557214634613618,1,2025-01
423,2025-03-12,29,Guam,Tablet,Paid,4,5.429781737049452,1,2025-03
424,2025-06-03,32,Wallis and Futuna,Desktop,Direct,0,5.219610317493432,0,2025-06
425,2025-05-17,43,Dominican Republic,Mobile,Referral,6,13.456368087240522,0,2025-05
426,2025-03-07,28,Japan,Tablet,Paid,5,11.361972581447828,1,2025-03
427,2025-05-27,57,Kenya,Desktop,Organic,5,7.689653000717738,0,2025-05
428,2025-06-01,50,Gibraltar,Mobile,Organic,4,20.104582474821598,0,2025-06
429,2024-12-24,36,Syrian Arab Republic,Desktop,Paid,5,9.927465573833722,0,2024-12
430,2025-02-28,50,Benin,Desktop,Paid,1,3.842239633979508,0,2025-02
431,2025-03-01,31,Uruguay,Tablet,Organic,4,12.957106363664497,0,2025-03
432,2025-06-10,63,Tunisia,Mobile,Organic,4,7.058418671110277,0,2025-06
433,2025-05-23,60,Comoros,Desktop,Direct,1,4.588149454840186,0,2025-05
434,2025-02-13,22,Burkina Faso,Desktop,Direct,8,38.31994302886524,0,2025-02
435,2024-12-12,54,Gibraltar,Mobile,Paid,4,6.033772067709134,0,2024-12
436,2025-01-06,53,Ghana,Tablet,Direct,10,2.1779012801999538,0,2025-01
437,2025-01-04,51,Belarus,Tablet,Organic,5,2.9120155490179145,1,2025-01
438,2025-01-17,58,Saint Vincent and the Grenadines,Desktop,Referral,5,3.7358297974822547,0,2025-01
439,2024-12-15,40,Turkey,Desktop,Referral,5,4.549607660829694,0,2024-12
440,2025-04-10,44,Tuvalu,Tablet,Direct,7,8.794582746389047,0,2025-04
441,2025-06-08,20,Slovakia (Slovak Republic),Tablet,Direct,8,8.830212004869667,0,2025-06
442,2025-04-10,52,Ireland,Mobile,Paid,3,10.696004688867502,0,2025-04
443,2025-04-18,18,Kenya,Tablet,Paid,8,11.59004793768149,0,2025-04
444,2025-04-28,44,Iran,Desktop,Referral,5,5.146476231872818,0,2025-04
445,2025-04-26,56,Swaziland,Desktop,Direct,6,9.84726636553381,1,2025-04
446,2025-01-05,25,Eritrea,Mobile,Direct,4,14.476465457247226,0,2025-01
447,2025-05-03,37,Madagascar,Mobile,Direct,6,23.985368025457756,0,2025-05
448,2025-01-27,45,Sudan,Mobile,Paid,6,0.2333610275995845,0,2025-01
449,2025-02-02,40,Cuba,Mobile,Organic,3,8.149292776336168,0,2025-02
450,2025-01-12,45,Macao,Tablet,Organic,5,5.86856607758409,0,2025-01
451,2025-05-29,25,Saint Kitts and Nevis,Tablet,Organic,4,2.411677312294732,0,2025-05
452,2025-05-26,31,Switzerland,Desktop,Organic,9,4.962234009298757,0,2025-05
453,2025-05-26,46,Cambodia,Desktop,Organic,4,21.875423872582562,0,2025-05
454,2025-05-31,61,El Salvador,Mobile,Organic,6,1.5340253729991493,1,2025-05
455,2025-05-15,24,Cape Verde,Mobile,Paid,8,18.205007182381603,0,2025-05
456,2025-05-20,55,Iceland,Desktop,Direct,6,7.433721301038596,0,2025-05
457,2025-04-15,55,Timor-Leste,Tablet,Paid,2,3.32703938156999,0,2025-04
458,2025-01-12,29,Saint Martin,Tablet,Referral,7,2.440172794727102,0,2025-01
459,2025-05-28,51,Lao People's Democratic Republic,Tablet,Referral,7,6.890384514988652,0,2025-05
460,2025-02-07,38,Comoros,Desktop,Organic,6,4.398172842635339,0,2025-02
461,2025-06-11,41,Afghanistan,Tablet,Direct,8,17.235754200884074,0,2025-06
462,2025-04-18,38,Burkina Faso,Desktop,Referral,2,3.5809897307648035,0,2025-04
463,2025-03-29,26,Latvia,Mobile,Paid,5,4.227251359673532,0,2025-03
464,2025-05-30,34,Korea,Desktop,Organic,8,8.879057166825058,0,2025-05
465,2024-12-25,47,Burundi,Mobile,Organic,5,1.929607450397706,0,2024-12
466,2025-03-01,47,Tajikistan,Desktop,Direct,7,0.8370007538430856,0,2025-03
467,2025-05-21,53,French Polynesia,Mobile,Organic,6,2.480774716398624,0,2025-05
468,2025-01-25,22,Bangladesh,Tablet,Direct,5,13.07969165763099,0,2025-01
469,2025-02-24,48,Reunion,Mobile,Paid,3,2.021018399881898,0,2025-02
470,2025-01-29,24,Liberia,Tablet,Direct,8,8.155357511542565,0,2025-01
471,2025-05-16,38,Serbia,Tablet,Referral,8,1.4678506184776703,0,2025-05
472,2024-12-15,39,Equatorial Guinea,Tablet,Organic,1,7.90651131101158,0,2024-12
473,2025-04-28,19,Estonia,Mobile,Direct,4,0.9151581165558953,1,2025-04
474,2025-05-31,25,Mauritius,Desktop,Paid,1,28.85282871444534,0,2025-05
475,2025-03-13,39,Niue,Mobile,Direct,4,11.721312142751668,0,2025-03
476,2025-03-31,36,Qatar,Desktop,Referral,1,19.91796500770021,1,2025-03
477,2025-02-01,58,Hungary,Tablet,Referral,1,26.881927028677378,0,2025-02
478,2025-04-09,61,Palestinian Territory,Desktop,Direct,6,7.1754799825405815,0,2025-04
479,2025-01-19,35,Cook Islands,Mobile,Paid,7,2.004006953963203,0,2025-01
480,2025-02-12,30,Mongolia,Tablet,Referral,4,34.421474061901776,0,2025-02
481,2025-05-16,48,Tanzania,Mobile,Direct,6,9.08708213581233,1,2025-05
482,2024-12-13,29,Belarus,Mobile,Referral,1,40.987225620953474,0,2024-12
483,2025-03-29,18,India,Desktop,Direct,6,23.083139205833525,0,2025-03
484,2025-05-10,63,Belarus,Tablet,Referral,6,25.870959839038015,1,2025-05
485,2025-01-22,59,Sweden,Tablet,Referral,6,14.180595608583968,0,2025-01
486,2025-01-14,53,Malaysia,Desktop,Organic,7,2.7360349201923215,0,2025-01
487,2025-05-14,57,British Indian Ocean Territory (Chagos Archipelago),Desktop,Organic,5,4.042870820228964,0,2025-05
488,2025-01-26,38,Somalia,Tablet,Direct,3,1.551094665166757,0,2025-01
489,2025-01-08,52,Maldives,Mobile,Direct,5,3.9518419947907004,0,2025-01
490,2025-06-04,47,Guyana,Desktop,Paid,7,11.693441505404898,0,2025-06
491,2025-01-17,20,Seychelles,Mobile,Paid,1,13.95448301707129,1,2025-01
492,2025-05-09,24,Libyan Arab Jamahiriya,Tablet,Referral,6,3.8501410612255733,0,2025-05
493,2024-12-25,50,Azerbaijan,Mobile,Direct,5,12.897760761360955,0,2024-12
494,2025-05-16,34,Morocco,Desktop,Referral,4,14.947568052912626,1,2025-05
495,2025-04-18,30,Senegal,Mobile,Direct,7,14.852899681229392,0,2025-04
496,2025-05-05,32,Myanmar,Tablet,Direct,8,1.2432947595859232,0,2025-05
497,2025-03-27,24,Guatemala,Desktop,Organic,5,7.16571033201201,0,2025-03
498,2025-04-26,36,Belize,Tablet,Paid,5,16.961609320587957,0,2025-04
499,2025-03-19,51,Tokelau,Tablet,Direct,4,13.883722866924222,0,2025-03
500,2025-03-18,48,United States Virgin Islands,Mobile,Organic,7,5.157686095240072,0,2025-03
501,2025-03-02,41,Estonia,Tablet,Direct,5,8.260527278144988,1,2025-03
502,2025-03-24,29,Montenegro,Desktop,Direct,4,5.185302357687548,0,2025-03
503,2025-01-09,62,Suriname,Mobile,Organic,4,2.580713790790048,1,2025-01
504,2025-05-08,48,Iraq,Mobile,Paid,6,6.8847541052133305,0,2025-05
505,2025-06-02,35,Portugal,Tablet,Referral,3,6.7671537071112295,0,2025-06
506,2025-05-04,55,Belgium,Tablet,Organic,0,2.701961265132412,0,2025-05
507,2025-03-01,59,Solomon Islands,Mobile,Paid,2,7.582565935993371,0,2025-03
508,2025-05-10,64,Australia,Tablet,Referral,7,0.2920883615519484,0,2025-05
509,2025-02-27,19,Bahamas,Desktop,Direct,7,11.159578344373866,0,2025-02
510,2025-04-23,20,Heard Island and McDonald Islands,Mobile,Referral,5,0.5550856427699444,0,2025-04
511,2025-02-10,59,Jamaica,Mobile,Referral,9,1.9146382124087347,0,2025-02
512,2025-02-09,26,Mauritania,Desktop,Organic,5,15.567912869638764,0,2025-02
513,2025-05-05,38,Grenada,Mobile,Referral,6,12.02555678487296,1,2025-05
514,2025-06-11,43,South Africa,Mobile,Organic,3,17.883206369681115,0,2025-06
515,2024-12-17,20,Fiji,Tablet,Organic,5,17.498613153554523,0,2024-12
516,2025-05-13,40,Cameroon,Tablet,Direct,4,12.152398019274521,0,2025-05
517,2025-03-30,21,Angola,Desktop,Paid,4,11.713226548792722,1,2025-03
518,2025-02-06,51,Oman,Mobile,Direct,4,7.168287724581842,0,2025-02
519,2024-12-27,61,Azerbaijan,Mobile,Paid,5,3.886901701561852,0,2024-12
520,2025-02-01,64,Senegal,Tablet,Organic,7,3.7711725100020472,0,2025-02
521,2025-03-09,40,Montserrat,Mobile,Organic,5,3.5752577866460316,0,2025-03
522,2025-01-26,37,Kyrgyz Republic,Mobile,Referral,4,11.638401734214291,0,2025-01
523,2025-03-14,28,Cocos (Keeling) Islands,Tablet,Organic,3,3.704927664996151,0,2025-03
524,2025-01-11,61,Vanuatu,Mobile,Direct,4,5.534496245022905,0,2025-01
525,2025-02-19,37,British Indian Ocean Territory (Chagos Archipelago),Tablet,Organic,3,24.866649739431246,0,2025-02
526,2025-05-28,25,Austria,Mobile,Direct,5,5.147285266362839,0,2025-05
527,2025-03-19,34,Togo,Mobile,Referral,5,4.986960402468276,0,2025-03
528,2025-04-29,31,Guadeloupe,Tablet,Direct,3,24.845707003563014,0,2025-04
529,2025-03-01,19,Antigua and Barbuda,Mobile,Organic,2,17.527270752472543,0,2025-03
530,2024-12-15,43,Portugal,Mobile,Paid,2,7.922281715780014,0,2024-12
531,2025-01-20,19,Saint Lucia,Tablet,Paid,3,7.734886076392784,0,2025-01
532,2025-02-28,47,Aruba,Tablet,Paid,4,42.60777183491979,0,2025-02
533,2025-02-02,51,Guernsey,Mobile,Referral,6,28.687829039938926,1,2025-02
534,2025-03-11,23,South Georgia and the South Sandwich Islands,Mobile,Referral,2,13.944809650930967,0,2025-03
535,2025-01-26,30,Cote d'Ivoire,Tablet,Direct,6,10.262040084022832,0,2025-01
536,2025-01-31,48,Norfolk Island,Tablet,Organic,4,24.284438438138167,0,2025-01
537,2025-05-27,41,Panama,Tablet,Paid,10,9.907916949266557,0,2025-05
538,2025-04-25,42,Jamaica,Desktop,Organic,5,1.1832523820263994,0,2025-04
539,2025-01-06,20,British Virgin Islands,Mobile,Organic,8,23.281858831924463,0,2025-01
540,2025-03-14,51,Lebanon,Mobile,Referral,7,25.501394849604146,0,2025-03
541,2025-06-11,37,Georgia,Desktop,Paid,1,15.078266304198713,0,2025-06
542,2025-02-01,52,Puerto Rico,Tablet,Organic,2,11.276947482216823,0,2025-02
543,2025-02-16,25,Greece,Mobile,Paid,6,4.417644308093306,0,2025-02
544,2025-04-07,18,Estonia,Tablet,Paid,6,6.0469439917082655,0,2025-04
545,2025-01-15,38,Cambodia,Mobile,Direct,4,1.689660369619177,0,2025-01
546,2025-02-12,22,Brazil,Tablet,Organic,5,29.248229961163407,0,2025-02
547,2025-05-09,58,Germany,Desktop,Paid,2,44.33800378759478,1,2025-05
548,2025-05-01,42,Mauritania,Desktop,Paid,4,3.2781389715095077,1,2025-05
549,2025-05-19,30,Cameroon,Mobile,Paid,5,22.876146575257973,0,2025-05
550,2025-05-31,56,Bahamas,Mobile,Referral,5,22.69245982502853,0,2025-05
551,2025-05-14,63,Bahamas,Tablet,Paid,7,3.9505899273938745,0,2025-05
552,2025-05-10,20,Sao Tome and Principe,Desktop,Referral,7,7.322560137699099,0,2025-05
553,2025-01-24,36,Chile,Mobile,Referral,6,6.808552456759706,0,2025-01
554,2025-03-23,63,Tonga,Mobile,Paid,5,0.1881400656681774,0,2025-03
555,2025-02-05,30,Bhutan,Tablet,Paid,7,20.47331739967269,1,2025-02
556,2025-05-16,23,Tokelau,Tablet,Paid,8,0.6820141344369297,0,2025-05
557,2025-02-24,54,Netherlands,Mobile,Direct,3,12.378915555969261,0,2025-02
558,2025-01-18,41,Romania,Tablet,Referral,7,11.44405276772974,0,2025-01
559,2025-02-14,27,Swaziland,Mobile,Direct,2,3.9627709798677815,0,2025-02
560,2025-01-26,27,Luxembourg,Mobile,Referral,7,7.334123792464993,0,2025-01
561,2025-03-21,43,Rwanda,Mobile,Referral,5,47.373207078359655,1,2025-03
562,2025-02-02,27,Belarus,Desktop,Paid,2,5.8837956461712935,0,2025-02
563,2025-05-23,46,Guernsey,Tablet,Organic,6,5.660603652420564,0,2025-05
564,2025-02-22,51,Vietnam,Tablet,Referral,3,0.80474730887501,0,2025-02
565,2025-03-21,39,Philippines,Desktop,Direct,4,3.278654337998059,1,2025-03
566,2025-04-24,49,Cameroon,Tablet,Paid,4,1.6664526756491829,0,2025-04
567,2025-06-11,34,Guinea,Tablet,Direct,5,3.926674881697352,0,2025-06
568,2025-02-14,57,Venezuela,Tablet,Organic,5,15.952454069153452,0,2025-02
569,2025-03-02,25,Bhutan,Tablet,Paid,4,7.9628258698178245,0,2025-03
570,2025-03-16,29,Antigua and Barbuda,Desktop,Paid,8,19.693148361792666,1,2025-03
571,2025-02-03,63,Indonesia,Desktop,Paid,5,0.16949727954248886,0,2025-02
572,2025-01-15,32,Romania,Desktop,Organic,6,40.59874528932621,1,2025-01
573,2025-02-03,31,Grenada,Desktop,Paid,5,2.7039294102395086,0,2025-02
574,2025-02-11,26,Micronesia,Tablet,Referral,8,2.9967549284724586,0,2025-02
575,2024-12-27,20,Iran,Mobile,Organic,5,4.3505114822934585,1,2024-12
576,2025-02-06,57,Kiribati,Desktop,Direct,4,9.080867781773186,0,2025-02
577,2024-12-13,49,Bangladesh,Mobile,Direct,9,3.588638982161031,0,2024-12
578,2025-01-18,47,Comoros,Tablet,Paid,4,7.725943771247551,0,2025-01
579,2025-04-12,19,Norway,Tablet,Organic,6,2.2476327073510407,0,2025-04
580,2025-01-01,31,Paraguay,Tablet,Direct,7,3.2264940618357993,0,2025-01
581,2025-03-08,41,Tuvalu,Tablet,Direct,6,9.35044795348752,1,2025-03
582,2025-02-11,37,British Virgin Islands,Desktop,Paid,3,0.7627974912004332,0,2025-02
583,2025-05-31,32,Japan,Desktop,Organic,4,14.918788177875989,0,2025-05
584,2025-01-02,64,Guinea-Bissau,Mobile,Referral,5,17.54063442683067,0,2025-01
585,2025-02-15,54,Czech Republic,Mobile,Direct,3,0.5151585168249142,0,2025-02
586,2025-05-31,38,Bhutan,Desktop,Organic,8,0.37080757551794635,1,2025-05
587,2024-12-22,49,Western Sahara,Desktop,Referral,7,4.904524595702297,0,2024-12
588,2024-12-30,53,Pakistan,Desktop,Direct,0,7.4084399578870865,1,2024-12
589,2025-05-11,25,Nicaragua,Mobile,Paid,2,26.538013377196947,0,2025-05
590,2025-05-16,34,Korea,Tablet,Direct,6,4.260074138155229,0,2025-05
591,2025-01-06,41,Cambodia,Desktop,Organic,10,41.23632403883779,1,2025-01
592,2025-03-07,20,Ecuador,Mobile,Direct,7,4.3981143497463355,0,2025-03
593,2025-01-13,39,Micronesia,Tablet,Direct,4,1.899421750591861,0,2025-01
594,2024-12-13,60,Benin,Desktop,Paid,5,9.32681477869775,0,2024-12
595,2024-12-17,19,Solomon Islands,Desktop,Direct,4,13.10791413010527,1,2024-12
596,2025-03-07,52,Luxembourg,Mobile,Paid,3,5.260495782429837,0,2025-03
597,2025-01-29,34,Netherlands Antilles,Mobile,Referral,6,5.383706371455897,0,2025-01
598,2025-01-07,36,Bahamas,Mobile,Organic,6,28.279730319561807,0,2025-01
599,2025-01-12,18,Cook Islands,Desktop,Referral,2,17.221271069048527,0,2025-01
600,2025-04-14,55,Namibia,Desktop,Organic,6,5.366594532737369,0,2025-04
601,2025-01-05,60,Suriname,Mobile,Organic,3,5.761876018847351,0,2025-01
602,2025-01-27,23,Bahamas,Tablet,Paid,2,5.594166938451998,1,2025-01
603,2024-12-21,50,French Southern Territories,Desktop,Referral,6,11.774320835611253,0,2024-12
604,2024-12-31,24,Somalia,Mobile,Paid,2,14.90882212870311,0,2024-12
605,2025-05-27,38,Ukraine,Desktop,Organic,4,7.50435049627299,0,2025-05
606,2024-12-13,53,Venezuela,Desktop,Direct,6,2.9249011882609994,1,2024-12
607,2025-02-20,33,Bolivia,Tablet,Referral,9,0.8096500252692652,0,2025-02
608,2025-03-13,46,Switzerland,Tablet,Referral,8,36.09806425081373,0,2025-03
609,2025-03-18,46,Italy,Tablet,Direct,6,5.530952143598905,0,2025-03
610,2025-01-08,31,Egypt,Desktop,Direct,4,3.363684122619614,0,2025-01
611,2025-04-15,19,Saint Helena,Tablet,Referral,4,20.114927713115186,0,2025-04
612,2025-05-03,38,Costa Rica,Tablet,Direct,1,3.081786849730295,0,2025-05
613,2025-05-29,21,Australia,Desktop,Referral,5,4.846456438625881,1,2025-05
614,2025-04-09,64,Pakistan,Tablet,Organic,3,21.243913560257333,0,2025-04
615,2025-01-31,20,Cape Verde,Desktop,Referral,3,18.42283546995072,1,2025-01
616,2025-04-19,46,Japan,Desktop,Direct,10,16.838676606765844,1,2025-04
617,2025-04-02,28,Saint Kitts and Nevis,Tablet,Direct,6,10.664934262975503,0,2025-04
618,2024-12-26,21,Nauru,Mobile,Referral,5,0.05708553321947918,1,2024-12
619,2025-01-17,35,Cyprus,Desktop,Organic,5,14.396095385924454,0,2025-01
620,2025-02-05,43,Saint Kitts and Nevis,Desktop,Referral,3,19.456935683955145,0,2025-02
621,2025-02-17,57,Saint Kitts and Nevis,Tablet,Direct,6,26.47964489265434,0,2025-02
622,2025-02-21,47,Saint Vincent and the Grenadines,Mobile,Organic,2,3.025563879323375,0,2025-02
623,2025-02-21,64,Zimbabwe,Mobile,Organic,2,10.514553006721012,0,2025-02
624,2025-01-04,49,Nauru,Mobile,Direct,5,6.8283482095978245,1,2025-01
625,2025-02-10,51,Cambodia,Mobile,Organic,5,10.081236333536108,0,2025-02
626,2025-04-25,58,Mayotte,Desktop,Paid,11,4.966393720396824,0,2025-04
627,2025-05-29,43,Taiwan,Tablet,Paid,5,8.008187817706409,0,2025-05
628,2025-04-10,19,Saint Pierre and Miquelon,Desktop,Organic,6,23.037976695985762,0,2025-04
629,2024-12-18,43,Guadeloupe,Tablet,Paid,6,9.97573349352143,0,2024-12
630,2024-12-20,29,Jersey,Tablet,Paid,6,14.68939182596219,0,2024-12
631,2024-12-16,60,Solomon Islands,Tablet,Referral,6,7.307483830938796,0,2024-12
632,2025-04-24,60,Paraguay,Tablet,Referral,3,14.290987946254486,0,2025-04
633,2025-01-23,40,Nigeria,Mobile,Referral,4,1.2921891926970495,0,2025-01
634,2025-03-30,23,Guernsey,Mobile,Direct,6,6.255227398332063,0,2025-03
635,2025-05-02,58,Belgium,Tablet,Organic,6,20.281613562669243,0,2025-05
636,2025-03-07,23,Switzerland,Tablet,Direct,3,2.5946655060640755,0,2025-03
637,2025-03-30,31,Bolivia,Tablet,Referral,4,4.204100703760902,1,2025-03
638,2025-02-18,56,North Macedonia,Mobile,Organic,2,4.009856107712933,1,2025-02
639,2025-03-18,43,Bulgaria,Tablet,Direct,4,9.207365843548182,0,2025-03
640,2025-04-05,27,Andorra,Mobile,Paid,4,26.444040451996212,1,2025-04
641,2024-12-31,51,Chad,Desktop,Referral,4,6.41271795602284,1,2024-12
642,2025-03-22,54,Tokelau,Desktop,Direct,4,17.032865341009543,0,2025-03
643,2025-04-29,36,Andorra,Tablet,Direct,3,21.13362944576889,0,2025-04
644,2025-03-21,55,Montenegro,Mobile,Organic,5,6.9197558977038,0,2025-03
645,2025-02-09,60,Svalbard & Jan Mayen Islands,Desktop,Organic,2,23.880113477821318,0,2025-02
646,2025-03-08,48,Tanzania,Mobile,Organic,5,4.1221078110362965,0,2025-03
647,2025-05-03,58,Isle of Man,Desktop,Organic,4,7.281712682633037,0,2025-05
648,2025-01-08,55,Reunion,Tablet,Organic,9,6.544176589268334,0,2025-01
649,2024-12-26,38,Kazakhstan,Mobile,Direct,10,0.7400714111254934,1,2024-12
650,2025-05-17,26,Sierra Leone,Mobile,Paid,9,3.824831188207238,0,2025-05
651,2025-01-24,25,Malawi,Desktop,Organic,10,3.1723093160756606,0,2025-01
652,2025-02-11,30,Gabon,Mobile,Paid,7,7.433924883299321,1,2025-02
653,2025-05-16,58,Georgia,Tablet,Organic,5,1.24978972579211,0,2025-05
654,2025-06-11,63,Pitcairn Islands,Desktop,Referral,3,18.599566123309113,1,2025-06
655,2025-06-02,21,Bouvet Island (Bouvetoya),Tablet,Referral,9,33.79837428939675,0,2025-06
656,2025-03-25,38,Tajikistan,Tablet,Referral,5,11.203691013293106,0,2025-03
657,2025-05-05,46,Equatorial Guinea,Tablet,Paid,5,2.1359947110488053,0,2025-05
658,2025-02-09,54,Mexico,Mobile,Paid,5,15.553860632068368,0,2025-02
659,2025-01-19,58,Chad,Mobile,Paid,7,0.27884119628536325,0,2025-01
660,2025-03-01,29,Namibia,Desktop,Organic,4,10.7785813082834,0,2025-03
661,2025-03-13,42,Ghana,Mobile,Direct,6,13.960616402039571,0,2025-03
662,2025-04-06,55,Mayotte,Tablet,Paid,5,14.893366507241247,1,2025-04
663,2024-12-16,32,Italy,Desktop,Direct,8,41.22512207259123,1,2024-12
664,2025-01-12,43,Guadeloupe,Tablet,Organic,4,2.4294688284382318,0,2025-01
665,2025-05-20,24,Martinique,Desktop,Paid,6,22.173141518379712,0,2025-05
666,2025-06-01,26,Ireland,Desktop,Referral,5,7.769435941679338,0,2025-06
667,2024-12-21,37,Lithuania,Desktop,Paid,2,3.563450997769188,0,2024-12
668,2025-02-20,22,Guyana,Mobile,Direct,6,2.646124678289881,1,2025-02
669,2025-06-04,46,Costa Rica,Mobile,Direct,2,0.1739001980688613,0,2025-06
670,2024-12-30,48,Cameroon,Mobile,Referral,10,4.000497078627697,0,2024-12
671,2025-01-16,64,Oman,Mobile,Organic,4,15.590410781370046,1,2025-01
672,2024-12-25,49,Korea,Tablet,Referral,6,7.107232461365223,0,2024-12
673,2025-06-05,27,Bhutan,Mobile,Direct,4,12.62718067592578,0,2025-06
674,2024-12-29,28,Ireland,Mobile,Direct,2,5.57070833661789,0,2024-12
675,2025-01-13,60,Belgium,Mobile,Organic,8,20.781695478095642,0,2025-01
676,2024-12-31,56,Japan,Tablet,Organic,3,0.2458195743438501,0,2024-12
677,2025-01-09,26,Guernsey,Tablet,Referral,6,19.704767368334515,1,2025-01
678,2025-03-06,47,Brunei Darussalam,Tablet,Direct,7,1.3051425093231352,0,2025-03
679,2025-05-27,19,Fiji,Tablet,Organic,6,1.1753297040121193,0,2025-05
680,2025-02-28,46,Canada,Tablet,Paid,7,11.460803759624277,1,2025-02
681,2025-04-27,47,Lesotho,Tablet,Paid,5,5.160764341819711,0,2025-04
682,2025-01-09,26,United Arab Emirates,Tablet,Paid,7,5.78051299027598,0,2025-01
683,2024-12-18,36,Madagascar,Desktop,Organic,6,4.191996949016218,1,2024-12
684,2025-04-12,42,Cambodia,Mobile,Direct,4,1.1290228858645124,0,2025-04
685,2025-01-21,56,Marshall Islands,Tablet,Direct,3,3.412976195662579,1,2025-01
686,2025-01-05,19,Guyana,Desktop,Organic,9,5.533371223284947,0,2025-01
687,2024-12-27,41,French Polynesia,Mobile,Direct,1,1.8076968674391447,0,2024-12
688,2025-03-13,37,Chad,Tablet,Organic,3,3.7211428221258354,0,2025-03
689,2025-02-18,25,Sudan,Mobile,Organic,4,10.253378452447592,1,2025-02
690,2025-05-08,56,Fiji,Desktop,Direct,4,2.0453918410629606,0,2025-05
691,2025-01-24,27,Cook Islands,Mobile,Organic,6,14.583397369104054,0,2025-01
692,2025-05-18,58,French Southern Territories,Desktop,Paid,6,4.86226672475335,0,2025-05
693,2025-03-07,42,Saudi Arabia,Tablet,Direct,6,4.460922158636907,0,2025-03
694,2025-03-06,30,United States Virgin Islands,Desktop,Organic,6,2.427724803812561,1,2025-03
695,2025-02-11,54,Switzerland,Tablet,Organic,0,0.5149024584293536,0,2025-02
696,2025-03-06,57,Puerto Rico,Desktop,Direct,8,2.4678568587281244,0,2025-03
697,2025-01-03,41,Cape Verde,Tablet,Direct,5,9.915654830445263,1,2025-01
698,2025-04-23,38,Belarus,Desktop,Referral,8,0.07353190709266968,0,2025-04
699,2025-06-11,56,United Arab Emirates,Desktop,Referral,6,16.091666540366575,0,2025-06
700,2025-02-11,35,Australia,Desktop,Direct,6,0.7602610479032605,1,2025-02
701,2025-01-18,21,Nauru,Desktop,Organic,2,10.199071063777865,0,2025-01
702,2025-01-21,37,British Indian Ocean Territory (Chagos Archipelago),Mobile,Paid,6,42.4017075299796,0,2025-01
703,2024-12-31,28,Chile,Desktop,Organic,7,7.810402230875343,0,2024-12
704,2025-01-01,23,Cocos (Keeling) Islands,Desktop,Paid,3,3.3882656973037584,0,2025-01
705,2025-04-22,62,Saint Martin,Desktop,Paid,8,2.3372145504573774,0,2025-04
706,2025-04-08,63,Christmas Island,Desktop,Referral,2,19.005826930714573,0,2025-04
707,2025-03-12,56,Panama,Mobile,Paid,9,13.23908576239128,1,2025-03
708,2025-03-22,44,Serbia,Tablet,Organic,1,23.516845886546832,0,2025-03
709,2025-06-02,25,Mali,Mobile,Direct,6,4.003055289413563,0,2025-06
710,2025-01-03,55,Lesotho,Desktop,Referral,10,3.7132514005846264,0,2025-01
711,2025-05-14,41,Aruba,Mobile,Organic,3,5.3426574811301455,1,2025-05
712,2025-06-01,38,Niger,Tablet,Direct,5,13.832707238755816,0,2025-06
713,2025-01-16,22,Estonia,Mobile,Organic,6,0.9741818671548583,0,2025-01
714,2025-02-18,36,Hungary,Mobile,Referral,9,15.328215530634427,0,2025-02
715,2025-05-12,21,Ecuador,Tablet,Paid,10,0.23000960738973586,0,2025-05
716,2025-03-25,62,Cook Islands,Desktop,Paid,2,1.9120172967553155,0,2025-03
717,2025-02-10,20,Dominica,Mobile,Referral,4,8.078027042920462,1,2025-02
718,2025-04-14,62,Uganda,Desktop,Paid,1,1.1387011951200958,0,2025-04
719,2025-01-05,43,Portugal,Tablet,Paid,4,4.164964927243267,0,2025-01
720,2025-05-21,55,Niger,Mobile,Direct,8,1.3732594966896974,0,2025-05
721,2025-01-10,53,Gabon,Tablet,Paid,8,7.556447809675719,0,2025-01
722,2025-03-12,33,Malaysia,Tablet,Organic,7,5.376061009370922,0,2025-03
723,2025-02-06,48,Ireland,Mobile,Referral,1,7.84859600936699,0,2025-02
724,2025-04-02,19,Kazakhstan,Mobile,Paid,3,1.7501869742531224,0,2025-04
725,2025-02-27,31,Macao,Mobile,Direct,9,2.249832531647738,0,2025-02
726,2025-02-03,40,Saint Kitts and Nevis,Mobile,Paid,4,4.363764400305307,0,2025-02
727,2024-12-25,35,Nepal,Desktop,Organic,6,5.975260922883059,1,2024-12
728,2025-03-10,28,Brunei Darussalam,Mobile,Referral,2,16.163306660679613,0,2025-03
729,2025-04-03,63,Norway,Tablet,Paid,1,23.55119101900522,0,2025-04
730,2025-05-16,51,Trinidad and Tobago,Desktop,Paid,4,3.9182192315959634,0,2025-05
731,2025-05-30,20,Central African Republic,Mobile,Organic,7,9.210702910647836,0,2025-05
732,2025-02-09,49,Hong Kong,Mobile,Referral,5,3.757219708872413,0,2025-02
733,2025-05-11,25,New Caledonia,Desktop,Direct,3,0.4463781328485961,0,2025-05
734,2025-05-16,64,Luxembourg,Mobile,Organic,4,1.212326065901004,1,2025-05
735,2025-05-28,39,Lao People's Democratic Republic,Desktop,Referral,5,4.126493603967377,0,2025-05
736,2025-01-25,36,Montenegro,Desktop,Referral,5,20.212441924522917,0,2025-01
737,2025-02-28,25,Nepal,Mobile,Direct,4,9.64658842591955,0,2025-02
738,2025-02-19,35,Algeria,Mobile,Direct,3,17.897669909936628,0,2025-02
739,2025-05-02,61,Cook Islands,Tablet,Organic,3,7.135426101551554,0,2025-05
740,2025-05-18,34,Bouvet Island (Bouvetoya),Mobile,Referral,6,22.047036522064246,1,2025-05
741,2025-02-25,64,Slovenia,Mobile,Paid,3,0.3990333863663737,1,2025-02
742,2025-06-03,36,New Caledonia,Mobile,Paid,1,11.313336239319423,0,2025-06
743,2025-01-15,23,Samoa,Tablet,Referral,3,12.828775718926469,1,2025-01
744,2025-05-26,53,Antigua and Barbuda,Mobile,Organic,4,12.735293851057396,0,2025-05
745,2025-03-15,64,Taiwan,Mobile,Referral,3,10.153695641628786,1,2025-03
746,2025-04-26,29,South Georgia and the South Sandwich Islands,Desktop,Direct,9,1.4341731338066954,0,2025-04
747,2025-01-01,50,Taiwan,Desktop,Direct,4,2.461596583029374,1,2025-01
748,2025-01-17,51,Bouvet Island (Bouvetoya),Desktop,Direct,5,5.1881322461624535,0,2025-01
749,2025-04-16,24,Mexico,Tablet,Paid,6,25.243066335846066,0,2025-04
750,2025-02-21,42,Dominica,Tablet,Paid,4,0.8120198894157824,0,2025-02
751,2025-03-09,37,Mayotte,Mobile,Referral,4,13.164552404532706,0,2025-03
752,2025-03-17,55,Comoros,Mobile,Organic,4,42.230112082144146,0,2025-03
753,2025-05-05,45,Faroe Islands,Tablet,Paid,3,14.614932591904923,0,2025-05
754,2025-02-09,61,Netherlands,Tablet,Direct,8,13.011320670816085,0,2025-02
755,2025-03-29,60,Guadeloupe,Desktop,Paid,6,1.5378423823593939,0,2025-03
756,2025-01-06,38,Mauritius,Desktop,Paid,2,19.32508378418555,0,2025-01
757,2025-04-24,33,Saint Martin,Mobile,Referral,6,5.68616922162659,0,2025-04
758,2024-12-25,23,Sao Tome and Principe,Mobile,Referral,3,26.560983574358147,0,2024-12
759,2025-02-05,35,Micronesia,Tablet,Organic,10,4.310897820666983,0,2025-02
760,2025-03-22,64,Korea,Mobile,Organic,4,19.461692319680335,0,2025-03
761,2025-03-14,51,Qatar,Mobile,Direct,5,25.596212476469734,1,2025-03
762,2024-12-14,23,Togo,Tablet,Referral,3,40.76621743700912,0,2024-12
763,2025-05-04,18,Lithuania,Tablet,Paid,7,22.2033047210701,0,2025-05
764,2025-06-09,37,Thailand,Tablet,Paid,4,6.427299097114404,0,2025-06
765,2025-05-29,46,Kazakhstan,Mobile,Direct,3,1.2220494214481479,0,2025-05
766,2025-05-26,45,Saint Vincent and the Grenadines,Desktop,Paid,7,33.914153069700276,1,2025-05
767,2024-12-22,21,Norfolk Island,Desktop,Direct,7,17.83640715473956,0,2024-12
768,2025-03-25,52,French Guiana,Desktop,Direct,4,11.679586706125944,0,2025-03
769,2025-03-05,61,India,Mobile,Direct,5,5.313916648971738,0,2025-03
770,2025-02-16,60,Bangladesh,Tablet,Direct,5,7.398564205265513,0,2025-02
771,2025-01-23,23,Ecuador,Tablet,Organic,5,0.40878862724311593,1,2025-01
772,2025-06-10,30,Guernsey,Desktop,Referral,7,16.23147978224813,0,2025-06
773,2025-01-13,60,Mauritius,Mobile,Organic,7,0.12029154980774998,0,2025-01
774,2025-05-01,44,Uruguay,Mobile,Organic,8,0.5025441472856436,0,2025-05
775,2025-03-10,40,Poland,Mobile,Organic,4,5.731320675779993,0,2025-03
776,2025-01-28,51,Tanzania,Tablet,Organic,1,4.21279775576196,0,2025-01
777,2024-12-18,52,Switzerland,Tablet,Paid,6,2.326303626371795,0,2024-12
778,2025-01-08,56,Eritrea,Tablet,Direct,8,0.04992550670225081,0,2025-01
779,2025-05-20,52,Guatemala,Desktop,Paid,7,14.394610664033962,0,2025-05
780,2025-01-12,41,Andorra,Tablet,Direct,6,33.418160270924005,1,2025-01
781,2025-05-23,40,Botswana,Tablet,Paid,5,9.943456136688908,0,2025-05
782,2025-02-21,34,Lao People's Democratic Republic,Desktop,Organic,2,1.521355550205803,0,2025-02
783,2025-06-01,34,Yemen,Tablet,Organic,4,21.55113464507195,0,2025-06
784,2025-03-13,44,Costa Rica,Desktop,Organic,7,1.7599872017239335,0,2025-03
785,2024-12-25,59,Jamaica,Mobile,Direct,4,1.2920425191308804,0,2024-12
786,2025-06-03,40,Puerto Rico,Desktop,Organic,10,30.054962679226097,0,2025-06
787,2025-05-10,44,Nauru,Tablet,Referral,6,1.9283237852924864,0,2025-05
788,2025-03-15,39,Saint Vincent and the Grenadines,Mobile,Organic,3,4.362097051052228,0,2025-03
789,2025-03-07,18,Kyrgyz Republic,Desktop,Organic,1,6.002786034540244,0,2025-03
790,2025-03-14,33,French Southern Territories,Desktop,Organic,6,24.704510117208024,0,2025-03
791,2025-02-11,46,Ghana,Desktop,Paid,7,7.939554460823047,1,2025-02
792,2025-02-28,38,Trinidad and Tobago,Desktop,Referral,8,7.079714237507666,0,2025-02
793,2024-12-28,31,Mauritania,Desktop,Organic,4,10.566898427526754,0,2024-12
794,2025-05-28,63,Guinea-Bissau,Desktop,Referral,3,9.964518336152105,0,2025-05
795,2025-02-07,34,Luxembourg,Mobile,Direct,3,8.43923227563526,0,2025-02
796,2025-03-09,32,New Zealand,Desktop,Organic,3,13.368398075024535,1,2025-03
797,2025-05-08,52,Tokelau,Tablet,Direct,2,0.17319628273852392,0,2025-05
798,2025-04-12,42,Czech Republic,Mobile,Paid,3,10.024671101387487,0,2025-04
799,2025-02-22,32,Malta,Mobile,Direct,4,1.1927752849200415,0,2025-02
800,2025-05-12,50,Jamaica,Mobile,Paid,1,8.382947268990048,0,2025-05
801,2025-04-14,24,Nepal,Desktop,Paid,4,3.0505659736613238,0,2025-04
802,2025-01-04,58,Tunisia,Mobile,Direct,2,22.62210323672022,0,2025-01
803,2025-01-14,37,Guinea,Tablet,Referral,4,11.395977239255327,0,2025-01
804,2024-12-27,43,Botswana,Mobile,Referral,6,9.32013263656842,0,2024-12
805,2025-06-11,61,Gibraltar,Tablet,Direct,7,4.970708962627286,0,2025-06
806,2025-06-05,47,Malta,Desktop,Paid,3,4.029542705541848,0,2025-06
807,2025-05-04,27,American Samoa,Tablet,Organic,5,39.71012428931229,0,2025-05
808,2025-02-25,34,Saint Helena,Desktop,Organic,3,5.018999571259345,0,2025-02
809,2025-02-26,32,Andorra,Mobile,Organic,5,5.485691997258804,0,2025-02
810,2025-04-26,52,Madagascar,Desktop,Direct,3,12.480042777213649,1,2025-04
811,2025-06-12,28,Guyana,Mobile,Direct,3,16.451401775670327,0,2025-06
812,2025-02-11,21,Ecuador,Desktop,Paid,6,3.6672392547708954,1,2025-02
813,2025-04-14,24,Vanuatu,Desktop,Referral,7,26.833846857229574,1,2025-04
814,2025-03-01,37,Mauritania,Tablet,Organic,5,0.021934372516372362,0,2025-03
815,2025-03-12,37,Zimbabwe,Mobile,Direct,8,9.241128495565698,0,2025-03
816,2025-06-08,20,Albania,Tablet,Referral,5,34.30089301143753,0,2025-06
817,2025-02-13,35,French Southern Territories,Desktop,Direct,3,2.165941908353686,0,2025-02
818,2025-03-25,58,Papua New Guinea,Mobile,Referral,4,0.6278353057346088,0,2025-03
819,2025-05-24,19,Nauru,Tablet,Referral,5,38.78588489461419,1,2025-05
820,2025-03-11,39,Cook Islands,Desktop,Paid,5,24.221930513144606,0,2025-03
821,2024-12-15,52,Armenia,Tablet,Direct,2,22.73106434087819,0,2024-12
822,2025-04-28,33,Equatorial Guinea,Mobile,Organic,7,14.442516604212523,0,2025-04
823,2025-01-04,33,United States Virgin Islands,Desktop,Organic,9,7.581354541896933,1,2025-01
824,2025-05-14,41,Uganda,Desktop,Paid,4,0.8216655026088028,0,2025-05
825,2025-05-01,25,South Georgia and the South Sandwich Islands,Mobile,Organic,7,24.590786767208925,0,2025-05
826,2025-04-06,46,Greenland,Mobile,Referral,5,8.18622830734877,0,2025-04
827,2025-02-25,56,Jersey,Mobile,Referral,6,4.936192324203603,0,2025-02
828,2025-05-20,63,Australia,Tablet,Paid,5,11.36532433429839,0,2025-05
829,2025-04-27,49,Gibraltar,Tablet,Paid,4,3.416891182053341,0,2025-04
830,2025-03-08,38,Israel,Tablet,Paid,8,2.2385067288502563,0,2025-03
831,2025-04-05,40,Thailand,Mobile,Paid,5,18.765054893983798,0,2025-04
832,2025-02-16,22,Bahamas,Tablet,Referral,4,1.0427932974261869,1,2025-02
833,2025-03-30,21,Uzbekistan,Tablet,Paid,3,16.739544760876495,1,2025-03
834,2025-03-20,48,Montserrat,Mobile,Referral,6,3.830226567012987,0,2025-03
835,2025-06-06,19,Egypt,Mobile,Referral,3,23.054018160097037,0,2025-06
836,2025-05-15,61,Saint Helena,Desktop,Paid,7,0.9503160652591259,1,2025-05
837,2024-12-24,48,Marshall Islands,Mobile,Referral,9,4.3364503628980575,0,2024-12
838,2025-04-15,34,Poland,Tablet,Referral,4,17.943632730035198,0,2025-04
839,2024-12-25,39,Serbia,Mobile,Referral,6,16.791840927835327,0,2024-12
840,2025-02-27,52,Palestinian Territory,Mobile,Referral,7,21.889776948045455,0,2025-02
841,2025-03-14,20,Saint Helena,Mobile,Paid,6,6.17503612788626,0,2025-03
842,2025-01-30,48,Korea,Desktop,Paid,5,14.28562925628523,0,2025-01
843,2025-04-23,43,Saint Kitts and Nevis,Desktop,Referral,3,0.2541492425295302,0,2025-04
844,2025-05-19,64,Montenegro,Desktop,Direct,4,14.310957778363099,0,2025-05
845,2025-01-01,50,Slovakia (Slovak Republic),Mobile,Paid,4,2.830093715689221,0,2025-01
846,2025-05-10,38,Cocos (Keeling) Islands,Tablet,Direct,7,5.88862319397718,0,2025-05
847,2025-03-30,55,Tokelau,Desktop,Referral,3,0.8965405794041564,1,2025-03
848,2025-02-02,29,Kenya,Tablet,Direct,5,10.967138211007548,0,2025-02
849,2025-01-13,30,Egypt,Mobile,Referral,4,50.77383714484172,0,2025-01
850,2025-05-01,40,Benin,Mobile,Referral,4,1.1356502216715334,1,2025-05
851,2025-02-19,34,South Georgia and the South Sandwich Islands,Desktop,Paid,5,6.2203249823991715,0,2025-02
852,2025-02-05,41,Panama,Desktop,Referral,7,0.6090721340592823,0,2025-02
853,2025-01-02,39,Costa Rica,Mobile,Paid,6,5.735535403091578,1,2025-01
854,2024-12-19,60,Congo,Mobile,Direct,6,13.477718900575184,0,2024-12
855,2024-12-21,36,Australia,Mobile,Paid,9,3.818451560568363,0,2024-12
856,2025-02-23,58,Benin,Desktop,Direct,8,29.27198861998103,1,2025-02
857,2025-01-19,27,Sri Lanka,Desktop,Paid,4,3.632511177333707,0,2025-01
858,2025-03-19,59,Suriname,Mobile,Direct,6,4.301971008317963,0,2025-03
859,2025-03-19,58,Cayman Islands,Desktop,Paid,4,3.120657813577555,0,2025-03
860,2025-01-11,29,French Polynesia,Desktop,Organic,7,3.4976424709834557,0,2025-01
861,2025-06-11,61,Luxembourg,Desktop,Direct,5,4.952047735704226,0,2025-06
862,2025-01-31,45,Namibia,Tablet,Direct,8,22.096769633148405,0,2025-01
863,2025-03-29,45,Liechtenstein,Mobile,Direct,8,4.699945362187395,1,2025-03
864,2025-04-07,52,Belize,Desktop,Organic,6,33.03837267191445,0,2025-04
865,2024-12-27,49,Belize,Tablet,Direct,9,21.93036201506294,0,2024-12
866,2025-04-21,19,United States Virgin Islands,Tablet,Organic,5,0.6228205335029492,1,2025-04
867,2025-03-14,24,Greenland,Tablet,Paid,3,26.70801898818459,0,2025-03
868,2025-05-24,52,Luxembourg,Desktop,Organic,4,2.209851748124752,0,2025-05
869,2025-04-25,29,Kyrgyz Republic,Mobile,Paid,5,6.299127091842141,0,2025-04
870,2024-12-29,21,Bermuda,Mobile,Referral,3,0.6064076684355507,0,2024-12
871,2025-01-10,37,Palau,Mobile,Referral,6,5.654235754213844,0,2025-01
872,2025-06-06,26,Georgia,Mobile,Organic,5,39.77095310925543,0,2025-06
873,2025-05-16,26,American Samoa,Mobile,Direct,5,1.3280111923651527,0,2025-05
874,2025-03-27,28,Costa Rica,Desktop,Organic,2,2.4232699477026234,0,2025-03
875,2025-04-04,50,Greece,Mobile,Organic,7,1.33712000861584,1,2025-04
876,2024-12-15,30,Sierra Leone,Mobile,Referral,7,1.059764548691222,0,2024-12
877,2025-01-14,24,Brunei Darussalam,Tablet,Paid,5,25.30570319801798,0,2025-01
878,2025-05-29,60,Maldives,Desktop,Referral,7,0.4017211967032348,0,2025-05
879,2025-01-31,50,Chile,Mobile,Referral,2,2.1100318358904087,0,2025-01
880,2025-02-02,29,Sri Lanka,Tablet,Referral,2,17.517398156254597,0,2025-02
881,2025-01-21,36,Yemen,Mobile,Direct,11,26.68279511344833,0,2025-01
882,2025-01-30,23,Mozambique,Tablet,Direct,2,24.442716421070145,0,2025-01
883,2025-02-24,44,Zimbabwe,Mobile,Organic,3,30.34175959687612,0,2025-02
884,2024-12-29,57,Guadeloupe,Desktop,Paid,3,19.588252527891225,0,2024-12
885,2025-04-09,55,Korea,Tablet,Organic,6,31.953157391913113,0,2025-04
886,2025-02-22,40,Kuwait,Desktop,Organic,3,7.0349359620125815,1,2025-02
887,2025-04-24,42,Turkmenistan,Tablet,Paid,3,16.194978459859783,0,2025-04
888,2025-01-16,30,Norfolk Island,Desktop,Organic,3,16.641592494801078,0,2025-01
889,2025-03-06,25,Papua New Guinea,Tablet,Organic,4,36.823279218049144,0,2025-03
890,2025-06-10,44,Senegal,Mobile,Paid,3,15.03292632607515,0,2025-06
891,2025-05-15,62,Mayotte,Tablet,Paid,2,2.8525516903289057,0,2025-05
892,2025-02-20,50,Panama,Tablet,Referral,3,10.344665879510625,0,2025-02
893,2025-05-24,56,Poland,Mobile,Referral,11,1.8666963143259783,0,2025-05
894,2024-12-25,19,Dominican Republic,Mobile,Paid,6,9.067713278621309,0,2024-12
895,2025-03-10,54,Niue,Desktop,Direct,2,11.02089907667149,0,2025-03
896,2025-05-31,34,Samoa,Tablet,Referral,6,1.447487106922376,1,2025-05
897,2025-03-31,35,Zimbabwe,Tablet,Referral,4,3.798439804769313,0,2025-03
898,2025-03-30,54,Monaco,Mobile,Organic,3,8.82257643848192,0,2025-03
899,2025-01-24,31,China,Desktop,Referral,6,6.824336100378022,0,2025-01
900,2025-04-05,49,Syrian Arab Republic,Desktop,Paid,6,26.02483064659777,0,2025-04
901,2025-05-30,31,Papua New Guinea,Desktop,Paid,9,24.486118136241974,0,2025-05
902,2025-03-02,34,Madagascar,Desktop,Organic,5,37.23131433617429,0,2025-03
903,2025-05-17,62,Kuwait,Mobile,Paid,3,4.772843426653524,0,2025-05
904,2024-12-31,47,Puerto Rico,Desktop,Organic,2,4.056275752852403,0,2024-12
905,2025-05-30,38,Yemen,Desktop,Organic,1,27.128215350552694,0,2025-05
906,2024-12-29,57,Colombia,Tablet,Organic,5,4.082142891884598,0,2024-12
907,2025-05-12,51,South Africa,Mobile,Organic,4,1.8788033825832404,0,2025-05
908,2025-01-20,37,Zimbabwe,Tablet,Direct,7,1.8126285253871697,0,2025-01
909,2025-05-10,58,Guam,Tablet,Referral,5,9.994039618740633,0,2025-05
910,2025-04-16,50,Panama,Mobile,Referral,4,3.5648698404998713,0,2025-04
911,2025-06-05,28,Mayotte,Mobile,Direct,4,11.926795869843536,0,2025-06
912,2025-03-27,43,Guernsey,Tablet,Direct,8,1.5286218336528232,0,2025-03
913,2025-02-13,61,Sierra Leone,Mobile,Organic,5,12.043834588086623,1,2025-02
914,2025-03-25,32,Gabon,Tablet,Organic,9,2.6397328219952962,0,2025-03
915,2025-04-13,57,Haiti,Mobile,Paid,4,21.714166057115925,0,2025-04
916,2025-04-15,61,France,Mobile,Organic,8,0.7643551587053499,0,2025-04
917,2024-12-18,31,Croatia,Desktop,Direct,4,11.497101769685504,0,2024-12
918,2025-02-21,57,Bangladesh,Tablet,Organic,4,3.682850717911573,0,2025-02
919,2025-01-10,23,Grenada,Desktop,Organic,7,10.998013359820526,1,2025-01
920,2025-03-18,63,Syrian Arab Republic,Desktop,Organic,2,22.306838895045765,1,2025-03
921,2025-05-28,22,Serbia,Mobile,Direct,7,17.519799547308164,0,2025-05
922,2025-01-18,46,Tanzania,Desktop,Referral,3,14.844558261130906,0,2025-01
923,2025-03-14,42,Philippines,Desktop,Referral,6,0.8029879426478582,0,2025-03
924,2025-05-13,64,Canada,Mobile,Referral,3,12.468774464709094,1,2025-05
925,2025-06-05,48,Sudan,Mobile,Organic,5,0.14959358271567016,0,2025-06
926,2024-12-29,41,New Caledonia,Mobile,Paid,8,5.42057508804065,0,2024-12
927,2025-04-22,25,Mozambique,Desktop,Referral,5,17.074711754808668,0,2025-04
928,2025-04-15,59,Gabon,Tablet,Referral,3,15.017305486434019,0,2025-04
929,2025-03-26,64,Madagascar,Desktop,Direct,7,7.904182713432586,0,2025-03
930,2025-04-28,29,Nauru,Mobile,Direct,12,29.747873224618864,0,2025-04
931,2025-02-13,42,Croatia,Mobile,Organic,4,6.708477798197485,0,2025-02
932,2025-05-16,24,Mongolia,Desktop,Paid,2,5.715664016539557,0,2025-05
933,2025-01-19,31,Chad,Mobile,Referral,7,4.194406232239917,1,2025-01
934,2025-03-24,53,Romania,Tablet,Direct,4,4.594596827589632,0,2025-03
935,2024-12-15,58,Tunisia,Tablet,Direct,5,12.48903589982724,1,2024-12
936,2025-04-15,24,Russian Federation,Desktop,Referral,8,1.6646833498160158,1,2025-04
937,2025-03-14,45,Tanzania,Desktop,Referral,7,11.889059276338452,0,2025-03
938,2025-02-10,18,Norfolk Island,Desktop,Paid,6,1.898480439296328,0,2025-02
939,2025-01-20,41,Afghanistan,Tablet,Direct,2,0.6644245133978746,0,2025-01
940,2025-01-25,57,Taiwan,Mobile,Organic,5,0.36187819576810965,0,2025-01
941,2025-04-01,64,Syrian Arab Republic,Desktop,Paid,6,1.717854723565072,0,2025-04
942,2025-05-06,28,Turkmenistan,Mobile,Organic,3,31.752712049283573,0,2025-05
943,2025-01-05,56,Poland,Mobile,Organic,4,22.38441589097008,0,2025-01
944,2025-03-18,62,Liechtenstein,Tablet,Organic,3,4.072589827010054,0,2025-03
945,2024-12-12,51,Cook Islands,Mobile,Direct,7,9.565833618180285,1,2024-12
946,2024-12-26,64,Indonesia,Mobile,Referral,2,3.3198069219938846,1,2024-12
947,2025-02-19,21,Lebanon,Mobile,Organic,6,4.22004325393863,0,2025-02
948,2025-03-26,51,Bhutan,Desktop,Referral,0,6.178791742865157,1,2025-03
949,2025-05-31,53,Ecuador,Desktop,Direct,4,10.578523861942571,1,2025-05
950,2025-01-09,50,Svalbard & Jan Mayen Islands,Mobile,Referral,5,10.201990349425543,0,2025-01
951,2025-06-04,45,British Virgin Islands,Tablet,Paid,5,5.925994370454929,0,2025-06
952,2025-01-08,36,Liechtenstein,Tablet,Paid,1,1.5613860874323686,1,2025-01
953,2025-05-21,51,Moldova,Desktop,Referral,1,2.483179942435399,1,2025-05
954,2025-06-12,30,Saudi Arabia,Tablet,Referral,4,9.382449606725888,0,2025-06
955,2025-01-03,23,Malaysia,Mobile,Referral,6,0.035722834903546434,0,2025-01
956,2025-05-23,19,Belarus,Mobile,Organic,8,21.791589789914884,0,2025-05
957,2025-03-15,61,Japan,Tablet,Referral,5,1.5833661920234507,0,2025-03
958,2025-05-13,32,Ecuador,Desktop,Paid,5,5.000295578069491,1,2025-05
959,2025-01-12,34,Moldova,Tablet,Referral,6,6.619411994374346,1,2025-01
960,2025-03-21,41,Bhutan,Mobile,Direct,3,40.4238561532845,0,2025-03
961,2024-12-13,44,Hungary,Desktop,Direct,6,6.084502669976409,0,2024-12
962,2024-12-29,56,Guernsey,Mobile,Direct,4,3.2037000766958563,0,2024-12
963,2025-03-09,59,French Polynesia,Desktop,Organic,5,5.135937863916979,0,2025-03
964,2025-01-17,48,Italy,Desktop,Referral,8,0.7745680348556062,0,2025-01
965,2025-03-03,38,Serbia,Tablet,Referral,5,8.136475763890678,1,2025-03
966,2025-02-19,61,Norway,Mobile,Direct,8,4.4152442011567015,0,2025-02
967,2025-06-12,38,Congo,Mobile,Referral,2,6.109268677084002,1,2025-06
968,2025-06-02,44,Dominican Republic,Mobile,Organic,3,2.5026025508867327,0,2025-06
969,2025-02-23,58,Papua New Guinea,Mobile,Direct,2,3.1597992914231234,0,2025-02
970,2025-03-01,59,Greece,Desktop,Organic,6,11.323836302368527,0,2025-03
971,2025-01-15,33,Chad,Tablet,Organic,4,7.179450812275929,0,2025-01
972,2025-04-26,54,Kuwait,Tablet,Referral,8,8.060032177642013,0,2025-04
973,2024-12-24,24,Jamaica,Tablet,Paid,4,0.1875847478329205,0,2024-12
974,2025-04-02,38,Bolivia,Mobile,Referral,12,2.622815017659525,0,2025-04
975,2025-01-17,63,Palestinian Territory,Mobile,Referral,3,6.632321319567177,0,2025-01
976,2025-04-09,28,Costa Rica,Desktop,Direct,5,9.955995029421558,0,2025-04
977,2025-04-21,46,Malawi,Tablet,Paid,4,15.403340858795534,0,2025-04
978,2025-01-22,29,Bouvet Island (Bouvetoya),Tablet,Direct,5,5.302864924081771,0,2025-01
979,2024-12-17,34,Ecuador,Tablet,Referral,5,14.52170964140886,0,2024-12
980,2025-05-30,58,Slovakia (Slovak Republic),Desktop,Organic,4,5.171597276192303,1,2025-05
981,2025-02-22,22,Benin,Tablet,Organic,2,19.498010454850252,1,2025-02
982,2025-05-23,54,Kiribati,Desktop,Organic,3,1.0926272671518886,0,2025-05
983,2024-12-16,52,Yemen,Tablet,Paid,5,6.142663044712245,1,2024-12
984,2025-04-30,33,Kazakhstan,Desktop,Paid,5,6.281134678439924,0,2025-04
985,2025-04-14,22,Italy,Desktop,Direct,3,20.3224603269471,0,2025-04
986,2025-04-18,56,Zambia,Desktop,Direct,1,45.912779998007586,0,2025-04
987,2025-01-12,64,Bolivia,Mobile,Referral,9,5.434651702055656,0,2025-01
988,2025-05-14,49,Lithuania,Tablet,Referral,8,11.694767591343165,1,2025-05
989,2025-02-21,63,Christmas Island,Desktop,Paid,7,16.781647660284385,0,2025-02
990,2025-01-15,47,Belarus,Tablet,Paid,2,6.645549511784131,0,2025-01
991,2024-12-25,46,Niger,Desktop,Direct,7,11.081343900470442,0,2024-12
992,2025-01-11,64,Moldova,Mobile,Referral,6,1.7395362831084202,1,2025-01
993,2025-04-29,59,Isle of Man,Desktop,Direct,2,9.934616426695374,0,2025-04
994,2025-03-23,47,Azerbaijan,Tablet,Organic,9,4.435372068014962,0,2025-03
995,2025-02-17,48,Mali,Desktop,Direct,6,15.640205744447442,1,2025-02
996,2025-01-03,24,Swaziland,Desktop,Organic,8,30.007744833332097,0,2025-01
997,2025-04-11,19,Guinea-Bissau,Desktop,Paid,7,3.564608728559306,0,2025-04
998,2025-03-19,57,Zimbabwe,Desktop,Referral,6,8.549814296610922,0,2025-03
999,2024-12-22,34,Costa Rica,Desktop,Direct,5,25.58686273392791,0,2024-12
1000,2025-02-22,55,Antigua and Barbuda,Tablet,Paid,8,3.3817238912243313,1,2025-02
